2026-02-20 12:42:29,797 - INFO - Starting experiment: Namespace(split='validation', pipeline='multi_stage', n_samples=200, top_k=4, ollama_model='llama3.1:8b', output_dir='results')
2026-02-20 12:42:29,798 - INFO - Experiment start time: 2026-02-20 12:42:29
2026-02-20 12:42:29,798 - INFO - Loading dataset...
2026-02-20 12:42:30,237 - INFO - HTTP Request: HEAD https://huggingface.co/datasets/hotpotqa/hotpot_qa/resolve/main/README.md "HTTP/1.1 307 Temporary Redirect"
2026-02-20 12:42:30,244 - INFO - HTTP Request: HEAD https://huggingface.co/api/resolve-cache/datasets/hotpotqa/hotpot_qa/1908d6afbbead072334abe2965f91bd2709910ab/README.md "HTTP/1.1 200 OK"
2026-02-20 12:42:30,474 - INFO - HTTP Request: HEAD https://huggingface.co/datasets/hotpotqa/hotpot_qa/resolve/1908d6afbbead072334abe2965f91bd2709910ab/hotpot_qa.py "HTTP/1.1 404 Not Found"
2026-02-20 12:42:31,177 - INFO - HTTP Request: HEAD https://s3.amazonaws.com/datasets.huggingface.co/datasets/datasets/hotpotqa/hotpot_qa/hotpotqa/hotpot_qa.py "HTTP/1.1 404 Not Found"
2026-02-20 12:42:31,458 - INFO - HTTP Request: GET https://huggingface.co/api/datasets/hotpotqa/hotpot_qa/revision/1908d6afbbead072334abe2965f91bd2709910ab "HTTP/1.1 200 OK"
2026-02-20 12:42:31,694 - INFO - HTTP Request: HEAD https://huggingface.co/datasets/hotpotqa/hotpot_qa/resolve/1908d6afbbead072334abe2965f91bd2709910ab/.huggingface.yaml "HTTP/1.1 404 Not Found"
2026-02-20 12:42:32,010 - INFO - HTTP Request: GET https://datasets-server.huggingface.co/info?dataset=hotpotqa/hotpot_qa "HTTP/1.1 200 OK"
2026-02-20 12:42:32,256 - INFO - HTTP Request: GET https://huggingface.co/api/datasets/hotpotqa/hotpot_qa/tree/1908d6afbbead072334abe2965f91bd2709910ab/distractor?recursive=true&expand=false "HTTP/1.1 200 OK"
2026-02-20 12:42:32,483 - INFO - HTTP Request: GET https://huggingface.co/api/datasets/hotpotqa/hotpot_qa/tree/1908d6afbbead072334abe2965f91bd2709910ab?recursive=false&expand=false "HTTP/1.1 200 OK"
2026-02-20 12:42:32,714 - INFO - HTTP Request: HEAD https://huggingface.co/datasets/hotpotqa/hotpot_qa/resolve/1908d6afbbead072334abe2965f91bd2709910ab/dataset_infos.json "HTTP/1.1 404 Not Found"
2026-02-20 12:42:32,868 - INFO - Loaded 200 samples.
2026-02-20 12:42:36,750 - INFO - Use pytorch device_name: cpu
2026-02-20 12:42:36,750 - INFO - Load pretrained SentenceTransformer: all-MiniLM-L6-v2
2026-02-20 12:42:36,978 - INFO - HTTP Request: HEAD https://huggingface.co/sentence-transformers/all-MiniLM-L6-v2/resolve/main/modules.json "HTTP/1.1 307 Temporary Redirect"
2026-02-20 12:42:36,983 - INFO - HTTP Request: HEAD https://huggingface.co/api/resolve-cache/models/sentence-transformers/all-MiniLM-L6-v2/c9745ed1d9f207416be6d2e6f8de32d1f16199bf/modules.json "HTTP/1.1 200 OK"
2026-02-20 12:42:37,213 - INFO - HTTP Request: HEAD https://huggingface.co/sentence-transformers/all-MiniLM-L6-v2/resolve/main/config_sentence_transformers.json "HTTP/1.1 307 Temporary Redirect"
2026-02-20 12:42:37,218 - INFO - HTTP Request: HEAD https://huggingface.co/api/resolve-cache/models/sentence-transformers/all-MiniLM-L6-v2/c9745ed1d9f207416be6d2e6f8de32d1f16199bf/config_sentence_transformers.json "HTTP/1.1 200 OK"
2026-02-20 12:42:37,442 - INFO - HTTP Request: HEAD https://huggingface.co/sentence-transformers/all-MiniLM-L6-v2/resolve/main/config_sentence_transformers.json "HTTP/1.1 307 Temporary Redirect"
2026-02-20 12:42:37,448 - INFO - HTTP Request: HEAD https://huggingface.co/api/resolve-cache/models/sentence-transformers/all-MiniLM-L6-v2/c9745ed1d9f207416be6d2e6f8de32d1f16199bf/config_sentence_transformers.json "HTTP/1.1 200 OK"
2026-02-20 12:42:37,680 - INFO - HTTP Request: HEAD https://huggingface.co/sentence-transformers/all-MiniLM-L6-v2/resolve/main/README.md "HTTP/1.1 307 Temporary Redirect"
2026-02-20 12:42:37,686 - INFO - HTTP Request: HEAD https://huggingface.co/api/resolve-cache/models/sentence-transformers/all-MiniLM-L6-v2/c9745ed1d9f207416be6d2e6f8de32d1f16199bf/README.md "HTTP/1.1 200 OK"
2026-02-20 12:42:37,929 - INFO - HTTP Request: HEAD https://huggingface.co/sentence-transformers/all-MiniLM-L6-v2/resolve/main/modules.json "HTTP/1.1 307 Temporary Redirect"
2026-02-20 12:42:37,936 - INFO - HTTP Request: HEAD https://huggingface.co/api/resolve-cache/models/sentence-transformers/all-MiniLM-L6-v2/c9745ed1d9f207416be6d2e6f8de32d1f16199bf/modules.json "HTTP/1.1 200 OK"
2026-02-20 12:42:38,165 - INFO - HTTP Request: HEAD https://huggingface.co/sentence-transformers/all-MiniLM-L6-v2/resolve/main/sentence_bert_config.json "HTTP/1.1 307 Temporary Redirect"
2026-02-20 12:42:38,172 - INFO - HTTP Request: HEAD https://huggingface.co/api/resolve-cache/models/sentence-transformers/all-MiniLM-L6-v2/c9745ed1d9f207416be6d2e6f8de32d1f16199bf/sentence_bert_config.json "HTTP/1.1 200 OK"
2026-02-20 12:42:38,401 - INFO - HTTP Request: HEAD https://huggingface.co/sentence-transformers/all-MiniLM-L6-v2/resolve/main/adapter_config.json "HTTP/1.1 404 Not Found"
2026-02-20 12:42:38,628 - INFO - HTTP Request: HEAD https://huggingface.co/sentence-transformers/all-MiniLM-L6-v2/resolve/main/config.json "HTTP/1.1 307 Temporary Redirect"
2026-02-20 12:42:38,634 - INFO - HTTP Request: HEAD https://huggingface.co/api/resolve-cache/models/sentence-transformers/all-MiniLM-L6-v2/c9745ed1d9f207416be6d2e6f8de32d1f16199bf/config.json "HTTP/1.1 200 OK"
2026-02-20 12:42:39,076 - INFO - HTTP Request: HEAD https://huggingface.co/sentence-transformers/all-MiniLM-L6-v2/resolve/main/config.json "HTTP/1.1 307 Temporary Redirect"
2026-02-20 12:42:39,083 - INFO - HTTP Request: HEAD https://huggingface.co/api/resolve-cache/models/sentence-transformers/all-MiniLM-L6-v2/c9745ed1d9f207416be6d2e6f8de32d1f16199bf/config.json "HTTP/1.1 200 OK"
2026-02-20 12:42:39,305 - INFO - HTTP Request: HEAD https://huggingface.co/sentence-transformers/all-MiniLM-L6-v2/resolve/main/tokenizer_config.json "HTTP/1.1 307 Temporary Redirect"
2026-02-20 12:42:39,312 - INFO - HTTP Request: HEAD https://huggingface.co/api/resolve-cache/models/sentence-transformers/all-MiniLM-L6-v2/c9745ed1d9f207416be6d2e6f8de32d1f16199bf/tokenizer_config.json "HTTP/1.1 200 OK"
2026-02-20 12:42:39,599 - INFO - HTTP Request: GET https://huggingface.co/api/models/sentence-transformers/all-MiniLM-L6-v2/tree/main/additional_chat_templates?recursive=false&expand=false "HTTP/1.1 404 Not Found"
2026-02-20 12:42:39,838 - INFO - HTTP Request: GET https://huggingface.co/api/models/sentence-transformers/all-MiniLM-L6-v2/tree/main?recursive=true&expand=false "HTTP/1.1 200 OK"
2026-02-20 12:42:40,192 - INFO - HTTP Request: HEAD https://huggingface.co/sentence-transformers/all-MiniLM-L6-v2/resolve/main/1_Pooling/config.json "HTTP/1.1 307 Temporary Redirect"
2026-02-20 12:42:40,199 - INFO - HTTP Request: HEAD https://huggingface.co/api/resolve-cache/models/sentence-transformers/all-MiniLM-L6-v2/c9745ed1d9f207416be6d2e6f8de32d1f16199bf/1_Pooling%2Fconfig.json "HTTP/1.1 200 OK"
2026-02-20 12:42:40,443 - INFO - HTTP Request: GET https://huggingface.co/api/models/sentence-transformers/all-MiniLM-L6-v2 "HTTP/1.1 200 OK"
2026-02-20 12:42:40,490 - INFO - Checking connection to Ollama at http://localhost:11434...
2026-02-20 12:42:42,551 - INFO - HTTP Request: GET http://localhost:11434/api/tags "HTTP/1.1 200 OK"
2026-02-20 12:42:42,596 - INFO - Running inference...
2026-02-20 12:42:58,982 - INFO - HTTP Request: POST http://localhost:11434/api/chat "HTTP/1.1 200 OK"
2026-02-20 12:43:10,378 - INFO - HTTP Request: POST http://localhost:11434/api/chat "HTTP/1.1 200 OK"
2026-02-20 12:43:10,378 - INFO - [MultiStage] Q1 | Stage1: [Sergei Aleksandrovich Tokarev (sent 0), Sergei Aleksandrovich Kudryavtsev (sent 0), Moscow State University (sent 0), Sergei Sholokhov (sent 0)] | RefinedQuery: 'Sergei Aleksandrovich Tokarev professor university founding year' | Stage2: [Sergei Aleksandrovich Tokarev (sent 0), Moscow State University (sent 0), Sergei Sholokhov (sent 0), Sergei Kosarev (sent 0)] | Final: [Sergei Aleksandrovich Tokarev (sent 0), Sergei Aleksandrovich Kudryavtsev (sent 0), Moscow State University (sent 0), Sergei Sholokhov (sent 0)]
2026-02-20 12:43:13,901 - INFO - HTTP Request: POST http://localhost:11434/api/chat "HTTP/1.1 200 OK"
2026-02-20 12:43:24,652 - INFO - HTTP Request: POST http://localhost:11434/api/chat "HTTP/1.1 200 OK"
2026-02-20 12:43:24,653 - INFO - [MultiStage] Q2 | Stage1: [Black Book (film) (sent 0), Black Book (novel) (sent 0), Black Book (novel) (sent 1), Black Book (non-standard disc format) (sent 0)] | RefinedQuery: 'title: Black Book actress writer heritage' | Stage2: [Black Book (film) (sent 0), Black Book (novel) (sent 0), Black Book (novel) (sent 1), Black Book (non-standard disc format) (sent 0)] | Final: [Black Book (film) (sent 0), Black Book (novel) (sent 0), Black Book (novel) (sent 1), Black Book (non-standard disc format) (sent 0)]
2026-02-20 12:43:27,423 - INFO - HTTP Request: POST http://localhost:11434/api/chat "HTTP/1.1 200 OK"
2026-02-20 12:43:37,581 - INFO - HTTP Request: POST http://localhost:11434/api/chat "HTTP/1.1 200 OK"
2026-02-20 12:43:37,581 - INFO - [MultiStage] Q3 | Stage1: [Christopher Greenbury (sent 2), American Beauty (1999 film) (sent 0), La Belle Américaine (sent 0), List of accolades received by American Beauty (sent 0)] | RefinedQuery: 'cast American Beauty 1999' | Stage2: [American Beauty (1999 film) (sent 0), List of accolades received by American Beauty (sent 0), List of accolades received by American Beauty (sent 2), Christopher Greenbury (sent 1)] | Final: [List of accolades received by American Beauty (sent 2), Christopher Greenbury (sent 2), Christopher Greenbury (sent 1), American Beauty (1999 film) (sent 0)]
2026-02-20 12:43:39,981 - INFO - HTTP Request: POST http://localhost:11434/api/chat "HTTP/1.1 200 OK"
2026-02-20 12:43:48,792 - INFO - HTTP Request: POST http://localhost:11434/api/chat "HTTP/1.1 200 OK"
2026-02-20 12:43:48,793 - INFO - [MultiStage] Q4 | Stage1: [Ken Pruitt (sent 0), Murtaza Ahmed Khan (sent 7), Alaska Legislature (sent 1), Alaska Legislature (sent 2)] | RefinedQuery: 'Ken Pruitt senate size' | Stage2: [Ken Pruitt (sent 0), Alaska Legislature (sent 1), Florida Senate (sent 2), Alaska Legislature (sent 2)] | Final: [Ken Pruitt (sent 0), Murtaza Ahmed Khan (sent 7), Alaska Legislature (sent 1), Alaska Legislature (sent 2)]
2026-02-20 12:43:51,954 - INFO - HTTP Request: POST http://localhost:11434/api/chat "HTTP/1.1 200 OK"
2026-02-20 12:44:01,373 - INFO - HTTP Request: POST http://localhost:11434/api/chat "HTTP/1.1 200 OK"
2026-02-20 12:44:01,373 - INFO - [MultiStage] Q5 | Stage1: [Calibanus (sent 0), Greyia (sent 0), Greyia (sent 1), Lophodermium (sent 1)] | RefinedQuery: 'num_species:(Greyia Calibanus)' | Stage2: [Greyia (sent 0), Greyia (sent 1), Lophodermium (sent 1), Calibanus (sent 0)] | Final: [Calibanus (sent 0), Greyia (sent 0), Greyia (sent 1), Lophodermium (sent 1)]
2026-02-20 12:44:06,460 - INFO - HTTP Request: POST http://localhost:11434/api/chat "HTTP/1.1 200 OK"
2026-02-20 12:44:15,974 - INFO - HTTP Request: POST http://localhost:11434/api/chat "HTTP/1.1 200 OK"
2026-02-20 12:44:15,974 - INFO - [MultiStage] Q6 | Stage1: [Tom Clancy (sent 1), John Updike (sent 1), Tom Clancy's Rainbow 6: Patriots (sent 3), Tom Clancy (sent 0)] | RefinedQuery: 'Did John Updike and Tom Clancy both publish more than 15 bestselling novels?' | Stage2: [Tom Clancy (sent 1), John Updike (sent 1), Tom Clancy's Rainbow 6: Patriots (sent 3), Tom Clancy (sent 0)] | Final: [Tom Clancy (sent 1), John Updike (sent 1), Tom Clancy's Rainbow 6: Patriots (sent 3), Tom Clancy (sent 0)]
2026-02-20 12:44:21,521 - INFO - HTTP Request: POST http://localhost:11434/api/chat "HTTP/1.1 200 OK"
2026-02-20 12:44:33,634 - INFO - HTTP Request: POST http://localhost:11434/api/chat "HTTP/1.1 200 OK"
2026-02-20 12:44:33,635 - INFO - [MultiStage] Q7 | Stage1: [John André (sent 0), Benjamin Lincoln (sent 2), Benedict Arnold (sent 0), Benedict Arnold (sent 1)] | RefinedQuery: 'Who was hung for assisting the attempted surrender of a defector from the American Continental Army to the British Army?' | Stage2: [John André (sent 0), Benjamin Lincoln (sent 2), Benedict Arnold (sent 0), Benedict Arnold (sent 1)] | Final: [John André (sent 0), Benjamin Lincoln (sent 2), Benedict Arnold (sent 0), Benedict Arnold (sent 1)]
2026-02-20 12:44:38,004 - INFO - HTTP Request: POST http://localhost:11434/api/chat "HTTP/1.1 200 OK"
2026-02-20 12:44:48,705 - INFO - HTTP Request: POST http://localhost:11434/api/chat "HTTP/1.1 200 OK"
2026-02-20 12:44:48,706 - INFO - [MultiStage] Q8 | Stage1: [Ethel Houbiers (sent 0), Bernard Alane (sent 1), Béatrice Picard (sent 1), Virginie Ledieu (sent 0)] | RefinedQuery: 'Ethel Houbiers french voice of mexican and american film actress' | Stage2: [Ethel Houbiers (sent 0), Bernard Alane (sent 1), Virginie Ledieu (sent 0), Béatrice Picard (sent 1)] | Final: [Ethel Houbiers (sent 0), Bernard Alane (sent 1), Béatrice Picard (sent 1), Virginie Ledieu (sent 0)]
2026-02-20 12:44:52,544 - INFO - HTTP Request: POST http://localhost:11434/api/chat "HTTP/1.1 200 OK"
2026-02-20 12:45:03,448 - INFO - HTTP Request: POST http://localhost:11434/api/chat "HTTP/1.1 200 OK"
2026-02-20 12:45:03,449 - INFO - [MultiStage] Q9 | Stage1: [Croydon Airport (sent 0), Gatwick Airport (sent 1), Gatwick Airport (sent 2), Croydon Airport (sent 1)] | RefinedQuery: 'south-east England international airports ranked by passenger traffic' | Stage2: [Gatwick Airport (sent 1), Heathrow Airport (sent 1), Gatwick Airport (sent 0), Gatwick Airport (sent 2)] | Final: [Croydon Airport (sent 0), Gatwick Airport (sent 1), Gatwick Airport (sent 2), Croydon Airport (sent 1)]
2026-02-20 12:45:07,885 - INFO - HTTP Request: POST http://localhost:11434/api/chat "HTTP/1.1 200 OK"
2026-02-20 12:45:20,026 - INFO - HTTP Request: POST http://localhost:11434/api/chat "HTTP/1.1 200 OK"
2026-02-20 12:45:20,027 - INFO - [MultiStage] Q10 | Stage1: [Isabella Kelly (sent 0), Castillo de Tabernas (sent 5), Castillo de Tabernas (sent 0), Abergairn Castle (sent 0)] | RefinedQuery: 'Abergairn Castle characterization as most isolated fortification in Britain by whom' | Stage2: [Abergairn Castle (sent 0), Schauenberg (sent 1), Cairnburgh Castle (sent 2), Clun Castle (sent 1)] | Final: [Isabella Kelly (sent 0), Schauenberg (sent 1), Cairnburgh Castle (sent 2), Castillo de Tabernas (sent 5)]
2026-02-20 12:45:23,754 - INFO - HTTP Request: POST http://localhost:11434/api/chat "HTTP/1.1 200 OK"
2026-02-20 12:45:35,375 - INFO - HTTP Request: POST http://localhost:11434/api/chat "HTTP/1.1 200 OK"
2026-02-20 12:45:35,376 - INFO - [MultiStage] Q11 | Stage1: [Robert Croft (diver) (sent 1), RAF Croft (sent 0), Robert Croft (diver) (sent 0), RAF Croft (sent 1)] | RefinedQuery: 'facility known as RAF Croft' | Stage2: [RAF Croft (sent 0), RAF Croft (sent 1), Robert Croft (diver) (sent 1), Robert Croft (diver) (sent 0)] | Final: [Robert Croft (diver) (sent 1), RAF Croft (sent 0), Robert Croft (diver) (sent 0), RAF Croft (sent 1)]
2026-02-20 12:45:39,191 - INFO - HTTP Request: POST http://localhost:11434/api/chat "HTTP/1.1 200 OK"
2026-02-20 12:45:50,397 - INFO - HTTP Request: POST http://localhost:11434/api/chat "HTTP/1.1 200 OK"
2026-02-20 12:45:50,397 - INFO - [MultiStage] Q12 | Stage1: [With or Without You (sent 0), Believe (Jai McDowall album) (sent 0), Believe (Jai McDowall album) (sent 2), Brothers of the Road (sent 1)] | RefinedQuery: 'U2 or Jai McDowall released With or Without You first' | Stage2: [With or Without You (sent 0), Believe (Jai McDowall album) (sent 0), Believe (Jai McDowall album) (sent 2), U218 Singles (sent 0)] | Final: [With or Without You (sent 0), Believe (Jai McDowall album) (sent 0), Believe (Jai McDowall album) (sent 2), Brothers of the Road (sent 1)]
2026-02-20 12:45:53,689 - INFO - HTTP Request: POST http://localhost:11434/api/chat "HTTP/1.1 200 OK"
2026-02-20 12:46:03,769 - INFO - HTTP Request: POST http://localhost:11434/api/chat "HTTP/1.1 200 OK"
2026-02-20 12:46:03,770 - INFO - [MultiStage] Q13 | Stage1: [Sidney Prescott (sent 2), Gale Weathers (sent 2), Gale Weathers (sent 3), Scream 2 (sent 0)] | RefinedQuery: 'Roseanne cast member in Scream 2' | Stage2: [Sidney Prescott (sent 2), Gale Weathers (sent 2), List of Scream characters (sent 0), Scream 2 (sent 0)] | Final: [Sidney Prescott (sent 2), Gale Weathers (sent 2), List of Scream characters (sent 0), Gale Weathers (sent 3)]
2026-02-20 12:46:06,343 - INFO - HTTP Request: POST http://localhost:11434/api/chat "HTTP/1.1 200 OK"
2026-02-20 12:46:16,486 - INFO - HTTP Request: POST http://localhost:11434/api/chat "HTTP/1.1 200 OK"
2026-02-20 12:46:16,486 - INFO - [MultiStage] Q14 | Stage1: [Fastjet Tanzania (sent 1), Fastjet Tanzania (sent 0), Fly540 (sent 0), Fly540 (sent 1)] | RefinedQuery: 'Fly540 parent company location' | Stage2: [Fly540 (sent 0), Fastjet Tanzania (sent 1), Fly540 (sent 1), SemGroup (sent 4)] | Final: [Fastjet Tanzania (sent 1), Fastjet Tanzania (sent 0), SemGroup (sent 4), Fly540 (sent 0)]
2026-02-20 12:46:20,427 - INFO - HTTP Request: POST http://localhost:11434/api/chat "HTTP/1.1 200 OK"
2026-02-20 12:46:30,712 - INFO - HTTP Request: POST http://localhost:11434/api/chat "HTTP/1.1 200 OK"
2026-02-20 12:46:30,713 - INFO - [MultiStage] Q15 | Stage1: [Cyclic Defrost (sent 2), Cyclic Defrost (sent 0), Beautiful Eulogy (sent 2), Inéz (sent 7)] | RefinedQuery: 'Australian electronic music magazine avant-rock experimental sound art experimental hip hop' | Stage2: [Cyclic Defrost (sent 2), Beautiful Eulogy (sent 2), Experimental hip hop (sent 2), Experimental hip hop (sent 0)] | Final: [Cyclic Defrost (sent 2), Experimental hip hop (sent 2), Cyclic Defrost (sent 0), Experimental hip hop (sent 0)]
2026-02-20 12:46:33,694 - INFO - HTTP Request: POST http://localhost:11434/api/chat "HTTP/1.1 200 OK"
2026-02-20 12:46:50,429 - INFO - HTTP Request: POST http://localhost:11434/api/chat "HTTP/1.1 200 OK"
2026-02-20 12:46:50,429 - INFO - [MultiStage] Q16 | Stage1: [Nelson, New Hampshire (sent 2), Buchanan Township, Atchison County, Missouri (sent 2), Munsonville, New Hampshire (sent 0), Fairhope, Fayette County, Pennsylvania (sent 2)] | RefinedQuery: 'population of Nelson, New Hampshire' | Stage2: [Nelson, New Hampshire (sent 0), Nelson, New Hampshire (sent 2), Munsonville, New Hampshire (sent 0), Munsonville, New Hampshire (sent 1)] | Final: [Nelson, New Hampshire (sent 0), Nelson, New Hampshire (sent 2), Buchanan Township, Atchison County, Missouri (sent 2), Munsonville, New Hampshire (sent 0)]
2026-02-20 12:46:54,165 - INFO - HTTP Request: POST http://localhost:11434/api/chat "HTTP/1.1 200 OK"
2026-02-20 12:47:09,918 - INFO - HTTP Request: POST http://localhost:11434/api/chat "HTTP/1.1 200 OK"
2026-02-20 12:47:09,918 - INFO - [MultiStage] Q17 | Stage1: [Wild Mountain Thyme (sent 0), Brown Eyes (song) (sent 0), A Pair of Brown Eyes (sent 2), A Pair of Brown Eyes (sent 0)] | RefinedQuery: 'artist behind songs A Pair of Brown Eyes and Wild Mountain Thyme?' | Stage2: [Brown Eyes (song) (sent 0), A Pair of Brown Eyes (sent 0), A Pair of Brown Eyes (sent 2), Beautiful Brown Eyes (sent 0)] | Final: [Wild Mountain Thyme (sent 0), Brown Eyes (song) (sent 0), A Pair of Brown Eyes (sent 2), A Pair of Brown Eyes (sent 0)]
2026-02-20 12:47:14,385 - INFO - HTTP Request: POST http://localhost:11434/api/chat "HTTP/1.1 200 OK"
2026-02-20 12:47:25,966 - INFO - HTTP Request: POST http://localhost:11434/api/chat "HTTP/1.1 200 OK"
2026-02-20 12:47:25,967 - INFO - [MultiStage] Q18 | Stage1: [Armageddon in Retrospect (sent 0), Armageddon in Retrospect (sent 3), Little Big Man (novel) (sent 1), Kurt Vonnegut (sent 2)] | RefinedQuery: 'author of 1969 satire novel and Armageddon in Retrospect' | Stage2: [Armageddon in Retrospect (sent 0), Armageddon in Retrospect (sent 3), Little Big Man (novel) (sent 1), José María Gironella (sent 5)] | Final: [Armageddon in Retrospect (sent 0), Armageddon in Retrospect (sent 3), José María Gironella (sent 5), Little Big Man (novel) (sent 1)]
2026-02-20 12:47:29,571 - INFO - HTTP Request: POST http://localhost:11434/api/chat "HTTP/1.1 200 OK"
2026-02-20 12:47:41,399 - INFO - HTTP Request: POST http://localhost:11434/api/chat "HTTP/1.1 200 OK"
2026-02-20 12:47:41,400 - INFO - [MultiStage] Q19 | Stage1: [Apratim Majumdar (sent 0), Udaka vadya (sent 4), Udaka vadya (sent 2), Apratim Majumdar (sent 3)] | RefinedQuery: 'site:discogs.com Apratim Majumdar instrument' | Stage2: [Udaka vadya (sent 2), Sarod (sent 3), Apratim Majumdar (sent 0), Udaka vadya (sent 3)] | Final: [Apratim Majumdar (sent 0), Sarod (sent 3), Udaka vadya (sent 4), Udaka vadya (sent 2)]
2026-02-20 12:47:45,891 - INFO - HTTP Request: POST http://localhost:11434/api/chat "HTTP/1.1 200 OK"
2026-02-20 12:47:56,106 - INFO - HTTP Request: POST http://localhost:11434/api/chat "HTTP/1.1 200 OK"
2026-02-20 12:47:56,108 - INFO - [MultiStage] Q20 | Stage1: [The Many Adventures of Winnie the Pooh (sent 0), The Wonderful Thing About Tiggers (sent 4), Ride a Wild Pony (sent 0), Winnie the Pooh and the Blustery Day (sent 3)] | RefinedQuery: 'Disney movie production order The Many Adventures of Winnie the Pooh Ride a Wild Pony' | Stage2: [The Wonderful Thing About Tiggers (sent 4), The Many Adventures of Winnie the Pooh (sent 0), Ride a Wild Pony (sent 0), Winnie the Pooh and the Blustery Day (sent 3)] | Final: [The Many Adventures of Winnie the Pooh (sent 0), The Wonderful Thing About Tiggers (sent 4), Ride a Wild Pony (sent 0), Winnie the Pooh and the Blustery Day (sent 3)]
2026-02-20 12:47:59,635 - INFO - HTTP Request: POST http://localhost:11434/api/chat "HTTP/1.1 200 OK"
2026-02-20 12:48:09,999 - INFO - HTTP Request: POST http://localhost:11434/api/chat "HTTP/1.1 200 OK"
2026-02-20 12:48:10,000 - INFO - [MultiStage] Q21 | Stage1: [Berger Blanc Suisse (sent 0), Pandikona (sent 0), Pandikona (sent 1), Pandikona (sent 3)] | RefinedQuery: 'Pandikona and Berger Blanc Suisse breed of dog' | Stage2: [Berger Blanc Suisse (sent 0), Pandikona (sent 0), Pandikona (sent 1), Pandikona (sent 3)] | Final: [Berger Blanc Suisse (sent 0), Pandikona (sent 0), Pandikona (sent 1), Pandikona (sent 3)]
2026-02-20 12:48:13,519 - INFO - HTTP Request: POST http://localhost:11434/api/chat "HTTP/1.1 200 OK"
2026-02-20 12:48:32,394 - INFO - HTTP Request: POST http://localhost:11434/api/chat "HTTP/1.1 200 OK"
2026-02-20 12:48:32,395 - INFO - [MultiStage] Q22 | Stage1: [Carl von Clausewitz (sent 0), Classical realism (international relations) (sent 2), Christopher Bassford (sent 0), August Otto Rühle von Lilienstern (sent 7)] | RefinedQuery: 'Carl von Clausewitz and type of realism in international relations' | Stage2: [Classical realism (international relations) (sent 0), Classical realism (international relations) (sent 2), August Otto Rühle von Lilienstern (sent 7), Classical realism (international relations) (sent 3)] | Final: [Classical realism (international relations) (sent 0), Carl von Clausewitz (sent 0), Classical realism (international relations) (sent 2), Christopher Bassford (sent 0)]
2026-02-20 12:48:36,426 - INFO - HTTP Request: POST http://localhost:11434/api/chat "HTTP/1.1 200 OK"
2026-02-20 12:48:51,074 - INFO - HTTP Request: POST http://localhost:11434/api/chat "HTTP/1.1 200 OK"
2026-02-20 12:48:51,075 - INFO - [MultiStage] Q23 | Stage1: [No. 1455 Flight RAF (sent 1), Hawker Hurricane (sent 0), No. 1300 Flight RAF (sent 1), Supermarine Seafire (sent 1)] | RefinedQuery: 'Hawker Hurricane and No. 1455 Flight apart of group or unit' | Stage2: [No. 1455 Flight RAF (sent 1), No. 1300 Flight RAF (sent 1), Hawker Hurricane (sent 0), Hawker Tornado (sent 0)] | Final: [No. 1455 Flight RAF (sent 1), Hawker Hurricane (sent 0), No. 1300 Flight RAF (sent 1), Hawker Tornado (sent 0)]
2026-02-20 12:48:54,373 - INFO - HTTP Request: POST http://localhost:11434/api/chat "HTTP/1.1 200 OK"
2026-02-20 12:49:00,947 - INFO - HTTP Request: POST http://localhost:11434/api/chat "HTTP/1.1 200 OK"
2026-02-20 12:49:00,948 - INFO - [MultiStage] Q24 | Stage1: [Torstein Ellingsen (sent 0), The Real Thing (Norwegian band) (sent 2), Fezara people (sent 2), Ewe people (sent 2)] | RefinedQuery: 'Torstein Ellingsen drummer ethnic group language' | Stage2: [Torstein Ellingsen (sent 0), Ewe people (sent 2), Fezara people (sent 2), Ewe people (sent 0)] | Final: [Torstein Ellingsen (sent 0), The Real Thing (Norwegian band) (sent 2), Ewe people (sent 0), Fezara people (sent 2)]
2026-02-20 12:49:04,519 - INFO - HTTP Request: POST http://localhost:11434/api/chat "HTTP/1.1 200 OK"
2026-02-20 12:49:18,593 - INFO - HTTP Request: POST http://localhost:11434/api/chat "HTTP/1.1 200 OK"
2026-02-20 12:49:18,594 - INFO - [MultiStage] Q25 | Stage1: [Farrukhzad Khosrow V (sent 0), Farrukhzad Khosrow V (sent 1), Hormizd VI (sent 3), Khosrow IV (sent 0)] | RefinedQuery: 'Farrukhzad Khosrau V successor empire' | Stage2: [Farrukhzad Khosrow V (sent 0), Hormizd VI (sent 3), Farrukhzad Khosrow V (sent 1), Khosrow IV (sent 3)] | Final: [Farrukhzad Khosrow V (sent 0), Farrukhzad Khosrow V (sent 1), Hormizd VI (sent 3), Khosrow IV (sent 3)]
2026-02-20 12:49:21,717 - INFO - HTTP Request: POST http://localhost:11434/api/chat "HTTP/1.1 200 OK"
2026-02-20 12:49:30,951 - INFO - HTTP Request: POST http://localhost:11434/api/chat "HTTP/1.1 200 OK"
2026-02-20 12:49:30,952 - INFO - [MultiStage] Q26 | Stage1: [Beer Wars (sent 1), List of breweries in California (sent 1), List of breweries in California (sent 0), Beer by region (sent 4)] | RefinedQuery: 'Beer Wars small breweries in California Escondido' | Stage2: [List of breweries in California (sent 2), List of breweries in California (sent 0), Stone Brewing Co. (sent 0), Stone Brewing Co. (sent 1)] | Final: [Beer Wars (sent 1), List of breweries in California (sent 1), List of breweries in California (sent 2), List of breweries in California (sent 0)]
2026-02-20 12:49:34,258 - INFO - HTTP Request: POST http://localhost:11434/api/chat "HTTP/1.1 200 OK"
2026-02-20 12:49:45,637 - INFO - HTTP Request: POST http://localhost:11434/api/chat "HTTP/1.1 200 OK"
2026-02-20 12:49:45,637 - INFO - [MultiStage] Q27 | Stage1: [2015–16 Iowa State Cyclones men's basketball team (sent 1), David Hobbs (basketball) (sent 1), 2012–13 Murray State Racers men's basketball team (sent 1), David Hobbs (basketball) (sent 2)] | RefinedQuery: 'Tim Cluess coaching duration vs Steve Prohm coaching duration' | Stage2: [2015–16 Iowa State Cyclones men's basketball team (sent 1), David Hobbs (basketball) (sent 1), 2012–13 Murray State Racers men's basketball team (sent 1), David Hobbs (basketball) (sent 2)] | Final: [2015–16 Iowa State Cyclones men's basketball team (sent 1), David Hobbs (basketball) (sent 1), 2012–13 Murray State Racers men's basketball team (sent 1), David Hobbs (basketball) (sent 2)]
2026-02-20 12:49:49,678 - INFO - HTTP Request: POST http://localhost:11434/api/chat "HTTP/1.1 200 OK"
2026-02-20 12:50:00,171 - INFO - HTTP Request: POST http://localhost:11434/api/chat "HTTP/1.1 200 OK"
2026-02-20 12:50:00,172 - INFO - [MultiStage] Q28 | Stage1: [Russia–United Kingdom relations (sent 0), Russia–United Kingdom relations (sent 3), Grand Duke Sergei Alexandrovich of Russia (sent 1), Prince Andrew Romanov (sent 1)] | RefinedQuery: 'Russia-UK relations during World War I after Nicholas II abdication' | Stage2: [Russia–United Kingdom relations (sent 3), Russia–United Kingdom relations (sent 0), Nicholas II of Russia (sent 0), Grand Duke Sergei Alexandrovich of Russia (sent 1)] | Final: [Russia–United Kingdom relations (sent 0), Russia–United Kingdom relations (sent 3), Nicholas II of Russia (sent 0), Grand Duke Sergei Alexandrovich of Russia (sent 1)]
2026-02-20 12:50:03,006 - INFO - HTTP Request: POST http://localhost:11434/api/chat "HTTP/1.1 200 OK"
2026-02-20 12:50:15,903 - INFO - HTTP Request: POST http://localhost:11434/api/chat "HTTP/1.1 200 OK"
2026-02-20 12:50:15,904 - INFO - [MultiStage] Q29 | Stage1: [Sierra Academy of Aeronautics (sent 0), Pacific Flying Club (sent 0), Pacific Flying Club (sent 1), Sierra Academy of Aeronautics (sent 1)] | RefinedQuery: 'flight school in Atwater distance from Sacramento' | Stage2: [Sierra Academy of Aeronautics (sent 0), Pacific Flying Club (sent 0), Sierra Academy of Aeronautics (sent 1), North American Institute of Aviation (sent 0)] | Final: [Sierra Academy of Aeronautics (sent 0), Pacific Flying Club (sent 0), Pacific Flying Club (sent 1), Sierra Academy of Aeronautics (sent 1)]
2026-02-20 12:50:19,065 - INFO - HTTP Request: POST http://localhost:11434/api/chat "HTTP/1.1 200 OK"
2026-02-20 12:50:31,130 - INFO - HTTP Request: POST http://localhost:11434/api/chat "HTTP/1.1 200 OK"
2026-02-20 12:50:31,131 - INFO - [MultiStage] Q30 | Stage1: [Baraki Barak District (sent 0), Baraki Barak District (sent 3), Baraki Barak (sent 0), Baraki Rajan (sent 1)] | RefinedQuery: 'Baraki Barak District location province capital' | Stage2: [Baraki Barak District (sent 3), Baraki Barak (sent 0), Baraki Barak District (sent 0), Baraki Rajan (sent 1)] | Final: [Baraki Barak District (sent 0), Baraki Barak District (sent 3), Baraki Barak (sent 0), Baraki Rajan (sent 1)]
2026-02-20 12:50:34,230 - INFO - HTTP Request: POST http://localhost:11434/api/chat "HTTP/1.1 200 OK"
2026-02-20 12:50:40,843 - INFO - HTTP Request: POST http://localhost:11434/api/chat "HTTP/1.1 200 OK"
2026-02-20 12:50:40,844 - INFO - [MultiStage] Q31 | Stage1: [Black Crescent Mountain (sent 0), Mount Crescent (sent 4), Crescent Range (sent 1), Mount Crescent (sent 0)] | RefinedQuery: 'population of town with Black Crescent Mountain 2010' | Stage2: [Black Crescent Mountain (sent 0), Randolph, New Hampshire (sent 2), Crescent Range (sent 1), Mount Crescent (sent 4)] | Final: [Black Crescent Mountain (sent 0), Mount Crescent (sent 4), Crescent Range (sent 1), Randolph, New Hampshire (sent 2)]
2026-02-20 12:50:43,569 - INFO - HTTP Request: POST http://localhost:11434/api/chat "HTTP/1.1 200 OK"
2026-02-20 12:50:52,868 - INFO - HTTP Request: POST http://localhost:11434/api/chat "HTTP/1.1 200 OK"
2026-02-20 12:50:52,868 - INFO - [MultiStage] Q32 | Stage1: [Apollo 9 (sent 0), Moon tree (sent 0), Apollo (spacecraft) (sent 1), Apollo 12 (sent 2)] | RefinedQuery: 'Apollo mission command module nickname' | Stage2: [Apollo 9 (sent 0), Stuart Roosa (sent 0), Apollo 16 (sent 1), AS-201 (sent 1)] | Final: [Apollo 9 (sent 0), Moon tree (sent 0), Apollo (spacecraft) (sent 1), Apollo 12 (sent 2)]
2026-02-20 12:50:56,058 - INFO - HTTP Request: POST http://localhost:11434/api/chat "HTTP/1.1 200 OK"
2026-02-20 12:51:08,691 - INFO - HTTP Request: POST http://localhost:11434/api/chat "HTTP/1.1 200 OK"
2026-02-20 12:51:08,691 - INFO - [MultiStage] Q33 | Stage1: [Fenris (comics) (sent 0), Nick Fury (2017 comic book) (sent 0), Nick Fury vs. S.H.I.E.L.D. (sent 0), Nick Fury (2017 comic book) (sent 2)] | RefinedQuery: 'comic series nick fury baron von strucker' | Stage2: [Fenris (comics) (sent 0), Nick Fury (2017 comic book) (sent 0), Nick Fury vs. S.H.I.E.L.D. (sent 0), Nick Fury (2017 comic book) (sent 2)] | Final: [Fenris (comics) (sent 0), Nick Fury (2017 comic book) (sent 0), Nick Fury vs. S.H.I.E.L.D. (sent 0), Nick Fury (2017 comic book) (sent 2)]
2026-02-20 12:51:12,077 - INFO - HTTP Request: POST http://localhost:11434/api/chat "HTTP/1.1 200 OK"
2026-02-20 12:51:21,643 - INFO - HTTP Request: POST http://localhost:11434/api/chat "HTTP/1.1 200 OK"
2026-02-20 12:51:21,644 - INFO - [MultiStage] Q34 | Stage1: [College Humor (film) (sent 0), International House (1933 film) (sent 4), College Humor (film) (sent 1), Hello, Everybody! (sent 1)] | RefinedQuery: 'College Humor film cast American singer actor warm bass-baritone voice' | Stage2: [College Humor (film) (sent 0), Bing Crosby (sent 1), International House (1933 film) (sent 4), College Humor (film) (sent 1)] | Final: [College Humor (film) (sent 0), International House (1933 film) (sent 4), College Humor (film) (sent 1), Hello, Everybody! (sent 1)]
2026-02-20 12:51:24,354 - INFO - HTTP Request: POST http://localhost:11434/api/chat "HTTP/1.1 200 OK"
2026-02-20 12:51:31,068 - INFO - HTTP Request: POST http://localhost:11434/api/chat "HTTP/1.1 200 OK"
2026-02-20 12:51:31,068 - INFO - [MultiStage] Q35 | Stage1: [Koch family (sent 0), David Koch (sent 1), Koch family foundations (sent 1), Fred C. Koch (sent 0)] | RefinedQuery: 'author writing book about Koch family' | Stage2: [Koch family (sent 0), Koch family foundations (sent 0), David Koch (sent 4), David Koch (sent 0)] | Final: [Koch family (sent 0), David Koch (sent 1), Koch family foundations (sent 1), Koch family foundations (sent 0)]
2026-02-20 12:51:35,442 - INFO - HTTP Request: POST http://localhost:11434/api/chat "HTTP/1.1 200 OK"
2026-02-20 12:51:46,335 - INFO - HTTP Request: POST http://localhost:11434/api/chat "HTTP/1.1 200 OK"
2026-02-20 12:51:46,335 - INFO - [MultiStage] Q36 | Stage1: [New York State Route 9R (sent 0), New York State Route 9N (sent 0), New York State Route 9G (sent 0), New York State Route 9B (sent 0)] | RefinedQuery: 'New York County where NY Route 9R rejoins its parent in a hamlet' | Stage2: [New York State Route 9R (sent 0), New York State Route 9R (sent 3), New York State Route 9N (sent 0), New York State Route 9B (sent 0)] | Final: [New York State Route 9R (sent 0), New York State Route 9N (sent 0), New York State Route 9G (sent 0), New York State Route 9B (sent 0)]
2026-02-20 12:51:50,295 - INFO - HTTP Request: POST http://localhost:11434/api/chat "HTTP/1.1 200 OK"
2026-02-20 12:52:02,447 - INFO - HTTP Request: POST http://localhost:11434/api/chat "HTTP/1.1 200 OK"
2026-02-20 12:52:02,447 - INFO - [MultiStage] Q37 | Stage1: [12 Years a Slave (score) (sent 0), Chiwetel Ejiofor (sent 0), Chiwetel Ejiofor (sent 1), Solomon Northup (sent 1)] | RefinedQuery: 'British actor born 10 July 1977 starred in 12 Years a Slave' | Stage2: [12 Years a Slave (score) (sent 0), Chiwetel Ejiofor (sent 0), Chiwetel Ejiofor (sent 1), Solomon Northup (sent 1)] | Final: [12 Years a Slave (score) (sent 0), Chiwetel Ejiofor (sent 0), Chiwetel Ejiofor (sent 1), Solomon Northup (sent 1)]
2026-02-20 12:52:05,451 - INFO - HTTP Request: POST http://localhost:11434/api/chat "HTTP/1.1 200 OK"
2026-02-20 12:52:16,365 - INFO - HTTP Request: POST http://localhost:11434/api/chat "HTTP/1.1 200 OK"
2026-02-20 12:52:16,366 - INFO - [MultiStage] Q38 | Stage1: [Taj Mahal (sent 0), Taj Mahal Bangladesh (sent 0), Taj Mahal (1963 film) (sent 1), Taj corridor case (sent 2)] | RefinedQuery: 'Taj Mahal construction capital of India' | Stage2: [Taj Mahal Bangladesh (sent 0), Taj Mahal (sent 0), Taj Mahal, Bulandshahar (sent 0), Black Taj Mahal (sent 0)] | Final: [Taj Mahal (sent 0), Taj Mahal, Bulandshahar (sent 0), Black Taj Mahal (sent 0), Taj Mahal Bangladesh (sent 0)]
2026-02-20 12:52:19,823 - INFO - HTTP Request: POST http://localhost:11434/api/chat "HTTP/1.1 200 OK"
2026-02-20 12:52:37,912 - INFO - HTTP Request: POST http://localhost:11434/api/chat "HTTP/1.1 200 OK"
2026-02-20 12:52:37,913 - INFO - [MultiStage] Q39 | Stage1: [Festival Puccini (sent 0), Gianni Schicchi (sent 0), La fanciulla del West (sent 2), Cesira Ferrani (sent 0)] | RefinedQuery: 'tenor starred in film based on Puccini opera' | Stage2: [La fanciulla del West (sent 2), Gianni Schicchi (sent 0), Festival Puccini (sent 0), Cesira Ferrani (sent 0)] | Final: [Festival Puccini (sent 0), Gianni Schicchi (sent 0), La fanciulla del West (sent 2), Cesira Ferrani (sent 0)]
2026-02-20 12:52:41,665 - INFO - HTTP Request: POST http://localhost:11434/api/chat "HTTP/1.1 200 OK"
2026-02-20 12:52:55,005 - INFO - HTTP Request: POST http://localhost:11434/api/chat "HTTP/1.1 200 OK"
2026-02-20 12:52:55,006 - INFO - [MultiStage] Q40 | Stage1: [Mwabvi Wildlife Reserve (sent 4), African buffalo (sent 0), African buffalo (sent 2), Mwabvi Wildlife Reserve (sent 2)] | RefinedQuery: 'Mwabvi Wildlife Reserve + bathing river + large African bovine' | Stage2: [Mwabvi Wildlife Reserve (sent 4), Mwabvi Wildlife Reserve (sent 2), Mwabvi Wildlife Reserve (sent 0), Project African Wilderness (sent 0)] | Final: [Mwabvi Wildlife Reserve (sent 4), African buffalo (sent 0), Mwabvi Wildlife Reserve (sent 0), Project African Wilderness (sent 0)]
2026-02-20 12:52:58,172 - INFO - HTTP Request: POST http://localhost:11434/api/chat "HTTP/1.1 200 OK"
2026-02-20 12:53:07,672 - INFO - HTTP Request: POST http://localhost:11434/api/chat "HTTP/1.1 200 OK"
2026-02-20 12:53:07,674 - INFO - [MultiStage] Q41 | Stage1: [Jalen Jones (sent 0), Marquette Golden Eagles men's basketball (sent 4), Portland Trail Blazers all-time roster (sent 1), Raptors 905 (sent 2)] | RefinedQuery: 'Jalen Jones NBA team home arena' | Stage2: [Jalen Jones (sent 0), Marquette Golden Eagles men's basketball (sent 4), New Orleans Pelicans (sent 2), Portland Trail Blazers all-time roster (sent 2)] | Final: [Jalen Jones (sent 0), Marquette Golden Eagles men's basketball (sent 4), Portland Trail Blazers all-time roster (sent 1), Raptors 905 (sent 2)]
2026-02-20 12:53:10,397 - INFO - HTTP Request: POST http://localhost:11434/api/chat "HTTP/1.1 200 OK"
2026-02-20 12:53:20,003 - INFO - HTTP Request: POST http://localhost:11434/api/chat "HTTP/1.1 200 OK"
2026-02-20 12:53:20,004 - INFO - [MultiStage] Q42 | Stage1: [On Tour Forever (sent 0), Travelogue: Blues Traveler Classics (sent 0), Blues Traveler (album) (sent 0), Blues Traveler (sent 0)] | RefinedQuery: 'Blues Traveler album characteristic' | Stage2: [Travelogue: Blues Traveler Classics (sent 0), Blues Traveler (album) (sent 0), Travelers and Thieves (sent 0), Blues Traveler (sent 0)] | Final: [Travelers and Thieves (sent 0), On Tour Forever (sent 0), Travelogue: Blues Traveler Classics (sent 0), Blues Traveler (album) (sent 0)]
2026-02-20 12:53:24,254 - INFO - HTTP Request: POST http://localhost:11434/api/chat "HTTP/1.1 200 OK"
2026-02-20 12:53:38,438 - INFO - HTTP Request: POST http://localhost:11434/api/chat "HTTP/1.1 200 OK"
2026-02-20 12:53:38,438 - INFO - [MultiStage] Q43 | Stage1: [Kinnaird Castle, Brechin (sent 1), Crayke Castle (sent 0), Megginch Castle (sent 0), Kilmory Castle, Bute (sent 1)] | RefinedQuery: 'Victorian poet born in 15th-century castle home to Earl of Southesk' | Stage2: [Kinnaird Castle, Brechin (sent 1), Crayke Castle (sent 0), Megginch Castle (sent 0), Kilmory Castle, Bute (sent 1)] | Final: [Kinnaird Castle, Brechin (sent 1), Crayke Castle (sent 0), Megginch Castle (sent 0), Kilmory Castle, Bute (sent 1)]
2026-02-20 12:53:40,746 - INFO - HTTP Request: POST http://localhost:11434/api/chat "HTTP/1.1 200 OK"
2026-02-20 12:53:50,308 - INFO - HTTP Request: POST http://localhost:11434/api/chat "HTTP/1.1 200 OK"
2026-02-20 12:53:50,308 - INFO - [MultiStage] Q44 | Stage1: [Alexander Nikolayev (sent 0), Alexander Nikolayev (sent 1), Alexander Nikolayev (sent 2), Georgy Vasilyevich Ivanov (sent 1)] | RefinedQuery: 'Second World War' | Stage2: [Battle of Berlin (sent 0), Georgy Vasilyevich Ivanov (sent 2), Stepan Shutov (sent 1), Stepan Shutov (sent 4)] | Final: [Alexander Nikolayev (sent 0), Alexander Nikolayev (sent 1), Alexander Nikolayev (sent 2), Georgy Vasilyevich Ivanov (sent 1)]
2026-02-20 12:53:54,943 - INFO - HTTP Request: POST http://localhost:11434/api/chat "HTTP/1.1 200 OK"
2026-02-20 12:54:00,976 - INFO - HTTP Request: POST http://localhost:11434/api/chat "HTTP/1.1 200 OK"
2026-02-20 12:54:00,977 - INFO - [MultiStage] Q45 | Stage1: [Mike Gundy (sent 2), Ike Mahoney (sent 1), Cale Gundy (sent 0), Mike Gundy (sent 0)] | RefinedQuery: 'site:(ouathletics.com OR ncaa.com) Cale Gundy's brother college football' | Stage2: [Mike Gundy (sent 2), Cale Gundy (sent 0), Cale Gundy (sent 3), Ike Mahoney (sent 1)] | Final: [Mike Gundy (sent 2), Ike Mahoney (sent 1), Cale Gundy (sent 0), Mike Gundy (sent 0)]
2026-02-20 12:54:03,978 - INFO - HTTP Request: POST http://localhost:11434/api/chat "HTTP/1.1 200 OK"
2026-02-20 12:54:16,431 - INFO - HTTP Request: POST http://localhost:11434/api/chat "HTTP/1.1 200 OK"
2026-02-20 12:54:16,432 - INFO - [MultiStage] Q46 | Stage1: [Brady Seals (album) (sent 0), Nick Carter (musician) (sent 2), Thompson Street (album) (sent 0), Brady Seals (sent 0)] | RefinedQuery: 'Nick Carter vs Brady Seals solo albums count' | Stage2: [Brady Seals (album) (sent 0), Brady Seals (sent 0), Nick Carter (musician) (sent 2), Thompson Street (album) (sent 0)] | Final: [Brady Seals (album) (sent 0), Nick Carter (musician) (sent 2), Thompson Street (album) (sent 0), Brady Seals (sent 0)]
2026-02-20 12:54:20,296 - INFO - HTTP Request: POST http://localhost:11434/api/chat "HTTP/1.1 200 OK"
2026-02-20 12:54:32,222 - INFO - HTTP Request: POST http://localhost:11434/api/chat "HTTP/1.1 200 OK"
2026-02-20 12:54:35,566 - INFO - HTTP Request: POST http://localhost:11434/api/chat "HTTP/1.1 200 OK"
2026-02-20 12:54:46,461 - INFO - HTTP Request: POST http://localhost:11434/api/chat "HTTP/1.1 200 OK"
2026-02-20 12:54:46,461 - INFO - [MultiStage] Q48 | Stage1: [Chauncey Billups (sent 4), Greg Monroe (sent 2), Jerome Williams (basketball) (sent 2), Jerome Williams (basketball) (sent 1)] | RefinedQuery: 'Jerome Williams Detroit Pistons retired number university' | Stage2: [Chauncey Billups (sent 4), Jerome Williams (basketball) (sent 0), Jerome Williams (basketball) (sent 2), Rickey Paulding (sent 3)] | Final: [Chauncey Billups (sent 4), Greg Monroe (sent 2), Jerome Williams (basketball) (sent 0), Jerome Williams (basketball) (sent 2)]
2026-02-20 12:54:50,048 - INFO - HTTP Request: POST http://localhost:11434/api/chat "HTTP/1.1 200 OK"
2026-02-20 12:55:05,154 - INFO - HTTP Request: POST http://localhost:11434/api/chat "HTTP/1.1 200 OK"
2026-02-20 12:55:05,154 - INFO - [MultiStage] Q49 | Stage1: [Atik Valide Mosque (sent 0), Šarena džamija (sent 0), Gazi Atik Ali Pasha Mosque (sent 0), Vasat Atik Ali Pasha Mosque (sent 0)] | RefinedQuery: 'Atik Valide Mosque and Valens Aqueduct location country' | Stage2: [Atik Valide Mosque (sent 0), Vasat Atik Ali Pasha Mosque (sent 0), Gazi Atik Ali Pasha Mosque (sent 0), Šarena džamija (sent 0)] | Final: [Atik Valide Mosque (sent 0), Šarena džamija (sent 0), Gazi Atik Ali Pasha Mosque (sent 0), Vasat Atik Ali Pasha Mosque (sent 0)]
2026-02-20 12:55:10,405 - INFO - HTTP Request: POST http://localhost:11434/api/chat "HTTP/1.1 200 OK"
2026-02-20 12:55:24,135 - INFO - HTTP Request: POST http://localhost:11434/api/chat "HTTP/1.1 200 OK"
2026-02-20 12:55:24,135 - INFO - [MultiStage] Q50 | Stage1: [Assassination of William McKinley (sent 0), 1901 State of the Union Address (sent 3), Alice Russell Glenny (sent 5), Temple of Music (sent 0)] | RefinedQuery: 'assassination of William McKinley at the Pan-American Exposition in Buffalo, New York location: Temple of Music' | Stage2: [Assassination of William McKinley (sent 0), 1901 State of the Union Address (sent 3), Alice Russell Glenny (sent 5), Temple of Music (sent 0)] | Final: [Assassination of William McKinley (sent 0), 1901 State of the Union Address (sent 3), Alice Russell Glenny (sent 5), Temple of Music (sent 0)]
2026-02-20 12:55:27,663 - INFO - HTTP Request: POST http://localhost:11434/api/chat "HTTP/1.1 200 OK"
2026-02-20 12:55:36,820 - INFO - HTTP Request: POST http://localhost:11434/api/chat "HTTP/1.1 200 OK"
2026-02-20 12:55:36,820 - INFO - [MultiStage] Q51 | Stage1: [Johnny Pemberton (sent 0), Johnny Pemberton (sent 1), Nick Zano (sent 3), Julia Benjamin (sent 9)] | RefinedQuery: 'creator of NBC sitcom featuring Johnny Pemberton as Bo Thompson' | Stage2: [Johnny Pemberton (sent 0), Johnny Pemberton (sent 1), Nick Zano (sent 3), Meshach Taylor (sent 3)] | Final: [Johnny Pemberton (sent 0), Johnny Pemberton (sent 1), Nick Zano (sent 3), Julia Benjamin (sent 9)]
2026-02-20 12:55:40,598 - INFO - HTTP Request: POST http://localhost:11434/api/chat "HTTP/1.1 200 OK"
2026-02-20 12:55:54,396 - INFO - HTTP Request: POST http://localhost:11434/api/chat "HTTP/1.1 200 OK"
2026-02-20 12:55:54,396 - INFO - [MultiStage] Q52 | Stage1: [Timothy Leary (sent 0), Einar Arnórsson (sent 7), Timothy Leary (sent 1), Memoir of Halldór Laxness (sent 0)] | RefinedQuery: 'author country Halldór Laxness and author country Timothy Leary' | Stage2: [Timothy Leary (sent 0), Memoir of Halldór Laxness (sent 0), Memoir of Halldór Laxness (sent 1), Halldór Laxness (sent 1)] | Final: [Timothy Leary (sent 0), Einar Arnórsson (sent 7), Memoir of Halldór Laxness (sent 1), Timothy Leary (sent 1)]
2026-02-20 12:56:00,195 - INFO - HTTP Request: POST http://localhost:11434/api/chat "HTTP/1.1 200 OK"
2026-02-20 12:56:12,072 - INFO - HTTP Request: POST http://localhost:11434/api/chat "HTTP/1.1 200 OK"
2026-02-20 12:56:12,072 - INFO - [MultiStage] Q53 | Stage1: [Chaplinsky v. New Hampshire (sent 0), Korematsu v. United States (sent 0), Duncan v. Kahanamoku (sent 1), Ex parte Endo (sent 1)] | RefinedQuery: 'Do both Korematsu v. United States and Chaplinsky v. New Hampshire cases regard the rights of U. S. citizens?' | Stage2: [Chaplinsky v. New Hampshire (sent 0), Korematsu v. United States (sent 0), Duncan v. Kahanamoku (sent 1), Ex parte Endo (sent 1)] | Final: [Chaplinsky v. New Hampshire (sent 0), Korematsu v. United States (sent 0), Duncan v. Kahanamoku (sent 1), Ex parte Endo (sent 1)]
2026-02-20 12:56:16,324 - INFO - HTTP Request: POST http://localhost:11434/api/chat "HTTP/1.1 200 OK"
2026-02-20 12:56:26,496 - INFO - HTTP Request: POST http://localhost:11434/api/chat "HTTP/1.1 200 OK"
2026-02-20 12:56:26,496 - INFO - [MultiStage] Q54 | Stage1: [Black and White Ball (sent 1), Black and White Ball (sent 0), Blackballing (sent 0), Katharine Graham (sent 2)] | RefinedQuery: 'memoir by honoree of the black and white ball katharine graham' | Stage2: [Katharine Graham (sent 0), Black and White Ball (sent 1), Katharine Graham (sent 2), Black and White Ball (sent 0)] | Final: [Katharine Graham (sent 0), Black and White Ball (sent 1), Black and White Ball (sent 0), Blackballing (sent 0)]
2026-02-20 12:56:29,452 - INFO - HTTP Request: POST http://localhost:11434/api/chat "HTTP/1.1 200 OK"
2026-02-20 12:56:40,964 - INFO - HTTP Request: POST http://localhost:11434/api/chat "HTTP/1.1 200 OK"
2026-02-20 12:56:40,965 - INFO - [MultiStage] Q55 | Stage1: [Huis Ten Bosch (train) (sent 0), Huis Ten Bosch (theme park) (sent 0), Huis Ten Bosch Station (sent 0), Huis ten Bosch palace (sent 0)] | RefinedQuery: 'Huis Ten Bosch train service theme country' | Stage2: [Huis Ten Bosch (train) (sent 0), Huis Ten Bosch (theme park) (sent 0), Huis Ten Bosch Station (sent 0), Huis ten Bosch (disambiguation) (sent 0)] | Final: [Huis Ten Bosch (train) (sent 0), Huis Ten Bosch (theme park) (sent 0), Huis Ten Bosch Station (sent 0), Huis ten Bosch palace (sent 0)]
2026-02-20 12:56:44,821 - INFO - HTTP Request: POST http://localhost:11434/api/chat "HTTP/1.1 200 OK"
2026-02-20 12:56:55,461 - INFO - HTTP Request: POST http://localhost:11434/api/chat "HTTP/1.1 200 OK"
2026-02-20 12:56:55,461 - INFO - [MultiStage] Q56 | Stage1: [Distribution of Industry Act 1950 (sent 0), Industry Act 1975 (sent 0), Distribution of Industry Act 1950 (sent 3), Prime Minister of Northern Ireland (sent 2)] | RefinedQuery: 'Prime Minister when Distribution of Industry Act was passed in (year)' | Stage2: [Distribution of Industry Act 1950 (sent 0), Industry Act 1975 (sent 0), Distribution of Industry Act 1950 (sent 3), Prime Minister of Northern Ireland (sent 2)] | Final: [Distribution of Industry Act 1950 (sent 0), Industry Act 1975 (sent 0), Distribution of Industry Act 1950 (sent 3), Prime Minister of Northern Ireland (sent 2)]
2026-02-20 12:56:58,897 - INFO - HTTP Request: POST http://localhost:11434/api/chat "HTTP/1.1 200 OK"
2026-02-20 12:57:13,434 - INFO - HTTP Request: POST http://localhost:11434/api/chat "HTTP/1.1 200 OK"
2026-02-20 12:57:13,434 - INFO - [MultiStage] Q57 | Stage1: [Ghosts (2006 film) (sent 1), Gweilo (sent 2), Cantonese slang (sent 0), Gweilo (sent 0)] | RefinedQuery: 'Cantonese slang term for Westerner or ghost man' | Stage2: [Ghosts (2006 film) (sent 1), Cantonese slang (sent 0), Gweilo (sent 2), Gweilo (sent 0)] | Final: [Ghosts (2006 film) (sent 1), Gweilo (sent 2), Cantonese slang (sent 0), Gweilo (sent 0)]
2026-02-20 12:57:17,122 - INFO - HTTP Request: POST http://localhost:11434/api/chat "HTTP/1.1 200 OK"
2026-02-20 12:57:30,235 - INFO - HTTP Request: POST http://localhost:11434/api/chat "HTTP/1.1 200 OK"
2026-02-20 12:57:30,235 - INFO - [MultiStage] Q58 | Stage1: [Tian Tan Buddha (sent 1), Buddhism in Hong Kong (sent 1), Ngong Ping 360 (sent 4), Po Lin Monastery (sent 0)] | RefinedQuery: 'Po Lin Monastery construction year of Tian Tan Buddha statue' | Stage2: [Ngong Ping 360 (sent 4), Buddhism in Hong Kong (sent 1), Tian Tan Buddha (sent 0), Ngong Ping (sent 1)] | Final: [Tian Tan Buddha (sent 0), Ngong Ping (sent 1), Tian Tan Buddha (sent 1), Buddhism in Hong Kong (sent 1)]
2026-02-20 12:57:33,882 - INFO - HTTP Request: POST http://localhost:11434/api/chat "HTTP/1.1 200 OK"
2026-02-20 12:57:40,678 - INFO - HTTP Request: POST http://localhost:11434/api/chat "HTTP/1.1 200 OK"
2026-02-20 12:57:40,678 - INFO - [MultiStage] Q59 | Stage1: [Nike Hoop Summit (sent 0), Austin Rivers (sent 2), Tyus Jones (sent 4), Dirk Nowitzki (sent 0)] | RefinedQuery: 'Dallas Mavericks player from Germany participated in Nike Hoop Summit' | Stage2: [Nike Hoop Summit (sent 0), Austin Rivers (sent 2), Tyus Jones (sent 4), Dirk Nowitzki (sent 0)] | Final: [Nike Hoop Summit (sent 0), Austin Rivers (sent 2), Tyus Jones (sent 4), Dirk Nowitzki (sent 0)]
2026-02-20 12:57:43,697 - INFO - HTTP Request: POST http://localhost:11434/api/chat "HTTP/1.1 200 OK"
2026-02-20 12:57:57,582 - INFO - HTTP Request: POST http://localhost:11434/api/chat "HTTP/1.1 200 OK"
2026-02-20 12:57:57,582 - INFO - [MultiStage] Q60 | Stage1: [Final Recipe (sent 0), Cho Kyu-hyun discography (sent 2), Henry Lau (sent 1), Lee Sung-min (singer) (sent 1)] | RefinedQuery: 'Super Junior-M members 2008' | Stage2: [Henry Lau (sent 1), Cho Kyu-hyun discography (sent 2), Cho Kyuhyun (sent 1), Lee Donghae (sent 1)] | Final: [Final Recipe (sent 0), Cho Kyuhyun (sent 1), Lee Donghae (sent 1), Cho Kyu-hyun discography (sent 2)]
2026-02-20 12:58:02,896 - INFO - HTTP Request: POST http://localhost:11434/api/chat "HTTP/1.1 200 OK"
2026-02-20 12:58:17,940 - INFO - HTTP Request: POST http://localhost:11434/api/chat "HTTP/1.1 200 OK"
2026-02-20 12:58:17,940 - INFO - [MultiStage] Q61 | Stage1: [Phlebodium (sent 0), Phlebodium aureum (sent 0), Tree fern (sent 3), Leptosporangiate fern (sent 2)] | RefinedQuery: 'Are Phlebodium and Pieris both species of ferns?' | Stage2: [Phlebodium (sent 0), Phlebodium aureum (sent 0), Tree fern (sent 3), Leptosporangiate fern (sent 2)] | Final: [Phlebodium (sent 0), Phlebodium aureum (sent 0), Tree fern (sent 3), Leptosporangiate fern (sent 2)]
2026-02-20 12:58:21,449 - INFO - HTTP Request: POST http://localhost:11434/api/chat "HTTP/1.1 200 OK"
2026-02-20 12:58:28,629 - INFO - HTTP Request: POST http://localhost:11434/api/chat "HTTP/1.1 200 OK"
2026-02-20 12:58:28,629 - INFO - [MultiStage] Q62 | Stage1: [Franklin Seaver Pratt (sent 0), Nigel Loring (surgeon) (sent 2), Elizabeth Kekaaniau (sent 0), Thomas Howard, 2nd Duke of Norfolk (sent 2)] | RefinedQuery: 'spouse: Franklin Seaver Pratt ancestry' | Stage2: [Franklin Seaver Pratt (sent 0), Elizabeth Kekaaniau (sent 0), Ingerman, Count of Hesbaye (sent 2), Nigel Loring (surgeon) (sent 2)] | Final: [Franklin Seaver Pratt (sent 0), Nigel Loring (surgeon) (sent 2), Elizabeth Kekaaniau (sent 0), Thomas Howard, 2nd Duke of Norfolk (sent 2)]
2026-02-20 12:58:31,759 - INFO - HTTP Request: POST http://localhost:11434/api/chat "HTTP/1.1 200 OK"
2026-02-20 12:58:41,444 - INFO - HTTP Request: POST http://localhost:11434/api/chat "HTTP/1.1 200 OK"
2026-02-20 12:58:41,445 - INFO - [MultiStage] Q63 | Stage1: [Cieli di Toscana (sent 0), Tuscan Skies (sent 0), Melodramma (song) (sent 0), Mille Lune Mille Onde (sent 0)] | RefinedQuery: 'Cieli di Toscana singer blind age' | Stage2: [Cieli di Toscana (sent 0), Tuscan Skies (sent 0), Mille Lune Mille Onde (sent 0), Melodramma (song) (sent 0)] | Final: [Cieli di Toscana (sent 0), Tuscan Skies (sent 0), Melodramma (song) (sent 0), Mille Lune Mille Onde (sent 0)]
2026-02-20 12:58:47,009 - INFO - HTTP Request: POST http://localhost:11434/api/chat "HTTP/1.1 200 OK"
2026-02-20 12:58:58,217 - INFO - HTTP Request: POST http://localhost:11434/api/chat "HTTP/1.1 200 OK"
2026-02-20 12:58:58,217 - INFO - [MultiStage] Q64 | Stage1: [Nasty Girl (The Notorious B.I.G. song) (sent 0), Vanity (singer) (sent 3), Nasty Girl (The Notorious B.I.G. song) (sent 5), Nasty Girl (The Notorious B.I.G. song) (sent 6)] | RefinedQuery: 'Which late 1980s and 1990s English super model was featured in the song nasty girl by The Notorious B.I.G.?' | Stage2: [Nasty Girl (The Notorious B.I.G. song) (sent 0), Vanity (singer) (sent 3), Nasty Girl (The Notorious B.I.G. song) (sent 5), Nasty Girl (The Notorious B.I.G. song) (sent 6)] | Final: [Nasty Girl (The Notorious B.I.G. song) (sent 0), Vanity (singer) (sent 3), Nasty Girl (The Notorious B.I.G. song) (sent 5), Nasty Girl (The Notorious B.I.G. song) (sent 6)]
2026-02-20 12:59:02,333 - INFO - HTTP Request: POST http://localhost:11434/api/chat "HTTP/1.1 200 OK"
2026-02-20 12:59:13,349 - INFO - HTTP Request: POST http://localhost:11434/api/chat "HTTP/1.1 200 OK"
2026-02-20 12:59:13,350 - INFO - [MultiStage] Q65 | Stage1: [Antony and Cleopatra (1974 TV drama) (sent 1), Revengers Tragedy (sent 1), The Orchid House (TV serial) (sent 1), King Lear (1916 film) (sent 1)] | RefinedQuery: 'Alex Cox film based on 1606 play starring Diana Quick as the Duchess' | Stage2: [Revengers Tragedy (sent 2), Antony and Cleopatra (1974 TV drama) (sent 1), Revengers Tragedy (sent 1), Diana Quick (sent 0)] | Final: [Antony and Cleopatra (1974 TV drama) (sent 1), Revengers Tragedy (sent 1), The Orchid House (TV serial) (sent 1), Revengers Tragedy (sent 2)]
2026-02-20 12:59:16,644 - INFO - HTTP Request: POST http://localhost:11434/api/chat "HTTP/1.1 200 OK"
2026-02-20 12:59:26,298 - INFO - HTTP Request: POST http://localhost:11434/api/chat "HTTP/1.1 200 OK"
2026-02-20 12:59:26,298 - INFO - [MultiStage] Q66 | Stage1: [Mike Valerio (sent 0), Josh Trank (sent 0), Mike Valerio (sent 1), James Valerio (sent 1)] | RefinedQuery: 'industry Josh Trank Mike Valerio work in' | Stage2: [Mike Valerio (sent 0), Josh Trank (sent 0), James Valerio (sent 1), Mike Valerio (sent 1)] | Final: [Mike Valerio (sent 0), Josh Trank (sent 0), Mike Valerio (sent 1), James Valerio (sent 1)]
2026-02-20 12:59:30,781 - INFO - HTTP Request: POST http://localhost:11434/api/chat "HTTP/1.1 200 OK"
2026-02-20 12:59:37,105 - INFO - HTTP Request: POST http://localhost:11434/api/chat "HTTP/1.1 200 OK"
2026-02-20 12:59:37,105 - INFO - [MultiStage] Q67 | Stage1: [Sleepless in Seattle (sent 0), Tim Bedore (sent 0), Marty Belafsky (sent 0), Shaheed Woods (sent 0)] | RefinedQuery: 'American comedian born on March 21, 1962 and appeared in Sleepless in Seattle' | Stage2: [Sleepless in Seattle (sent 0), Tim Bedore (sent 0), Marty Belafsky (sent 0), Shaheed Woods (sent 0)] | Final: [Sleepless in Seattle (sent 0), Tim Bedore (sent 0), Marty Belafsky (sent 0), Shaheed Woods (sent 0)]
2026-02-20 12:59:40,660 - INFO - HTTP Request: POST http://localhost:11434/api/chat "HTTP/1.1 200 OK"
2026-02-20 12:59:50,596 - INFO - HTTP Request: POST http://localhost:11434/api/chat "HTTP/1.1 200 OK"
2026-02-20 12:59:50,596 - INFO - [MultiStage] Q68 | Stage1: [Any Questions for Ben? (sent 0), Rob Sitch (sent 0), Josh Schuberth (sent 1), Any Questions for Ben? (sent 1)] | RefinedQuery: 'Australian producer and actor who directed Any Questions for Ben?' | Stage2: [Any Questions for Ben? (sent 0), Rob Sitch (sent 0), Josh Schuberth (sent 1), Any Questions for Ben? (sent 1)] | Final: [Any Questions for Ben? (sent 0), Rob Sitch (sent 0), Josh Schuberth (sent 1), Any Questions for Ben? (sent 1)]
2026-02-20 12:59:54,839 - INFO - HTTP Request: POST http://localhost:11434/api/chat "HTTP/1.1 200 OK"
2026-02-20 13:00:07,931 - INFO - HTTP Request: POST http://localhost:11434/api/chat "HTTP/1.1 200 OK"
2026-02-20 13:00:07,931 - INFO - [MultiStage] Q69 | Stage1: [Jesse Sandoval (sent 0), The Shins (sent 1), Jon Sortland (sent 1), Jon Sortland (sent 2)] | RefinedQuery: 'American indie rock group that replaced Jesse Sandoval with Jon Sortland as drummer' | Stage2: [Jesse Sandoval (sent 0), Jon Sortland (sent 0), Jon Sortland (sent 2), Jon Sortland (sent 1)] | Final: [Jesse Sandoval (sent 0), The Shins (sent 1), Jon Sortland (sent 1), Jon Sortland (sent 0)]
2026-02-20 13:00:11,279 - INFO - HTTP Request: POST http://localhost:11434/api/chat "HTTP/1.1 200 OK"
2026-02-20 13:00:27,760 - INFO - HTTP Request: POST http://localhost:11434/api/chat "HTTP/1.1 200 OK"
2026-02-20 13:00:27,760 - INFO - [MultiStage] Q70 | Stage1: [History of Braathens (1994–2004) (sent 7), Braathens (sent 0), List of Braathens destinations (sent 0), List of aircraft operated by Braathens (sent 0)] | RefinedQuery: 'Braathens merger 2004 country names' | Stage2: [Braathens (sent 0), SAS Braathens (sent 0), List of Braathens destinations (sent 0), History of Braathens (1994–2004) (sent 6)] | Final: [History of Braathens (1994–2004) (sent 7), Braathens (sent 0), List of Braathens destinations (sent 0), List of aircraft operated by Braathens (sent 0)]
2026-02-20 13:00:31,247 - INFO - HTTP Request: POST http://localhost:11434/api/chat "HTTP/1.1 200 OK"
2026-02-20 13:00:44,565 - INFO - HTTP Request: POST http://localhost:11434/api/chat "HTTP/1.1 200 OK"
2026-02-20 13:00:44,566 - INFO - [MultiStage] Q71 | Stage1: [Mach number (sent 0), Saab JAS 39 Gripen (sent 0), Pitot tube (sent 3), Saab 38 (sent 0)] | RefinedQuery: 'Saab JAS 39 Gripen Mach number' | Stage2: [Saab JAS 39 Gripen (sent 0), A-Darter (sent 1), Bombkapsel 90 (sent 2), Saab 38 (sent 2)] | Final: [A-Darter (sent 1), Bombkapsel 90 (sent 2), Saab 38 (sent 2), Mach number (sent 0)]
2026-02-20 13:00:48,476 - INFO - HTTP Request: POST http://localhost:11434/api/chat "HTTP/1.1 200 OK"
2026-02-20 13:00:59,706 - INFO - HTTP Request: POST http://localhost:11434/api/chat "HTTP/1.1 200 OK"
2026-02-20 13:00:59,706 - INFO - [MultiStage] Q72 | Stage1: [SWX Right Now (sent 0), KEWF (sent 3), KKBR (sent 1), KCTR-FM (sent 2)] | RefinedQuery: 'SWX Right Now channel in Billings Montana radio or TV station' | Stage2: [SWX Right Now (sent 0), KEWF (sent 3), KKBR (sent 1), KCTR-FM (sent 2)] | Final: [SWX Right Now (sent 0), KEWF (sent 3), KKBR (sent 1), KCTR-FM (sent 2)]
2026-02-20 13:01:03,708 - INFO - HTTP Request: POST http://localhost:11434/api/chat "HTTP/1.1 200 OK"
2026-02-20 13:01:14,397 - INFO - HTTP Request: POST http://localhost:11434/api/chat "HTTP/1.1 200 OK"
2026-02-20 13:01:14,398 - INFO - [MultiStage] Q73 | Stage1: [George T. Johnson (sent 1), 1995–96 Atlanta Hawks season (sent 6), Mookie Blaylock (sent 1), 1995–96 Atlanta Hawks season (sent 0)] | RefinedQuery: 'Atlanta Hawks player stats 1995-96 three-point field goals leader' | Stage2: [1995–96 Atlanta Hawks season (sent 6), Travis Bader (sent 3), 1995–96 Atlanta Hawks season (sent 0), Splash Brothers (sent 2)] | Final: [George T. Johnson (sent 1), 1995–96 Atlanta Hawks season (sent 6), Mookie Blaylock (sent 1), Travis Bader (sent 3)]
2026-02-20 13:01:17,249 - INFO - HTTP Request: POST http://localhost:11434/api/chat "HTTP/1.1 200 OK"
2026-02-20 13:01:27,511 - INFO - HTTP Request: POST http://localhost:11434/api/chat "HTTP/1.1 200 OK"
2026-02-20 13:01:27,513 - INFO - [MultiStage] Q74 | Stage1: [Saltillo Engine Plant (sent 0), Ramos Arizpe Assembly (sent 0), Ramos Arizpe (sent 1), GM High Value engine (sent 5)] | RefinedQuery: 'Saltillo Engine Plant American subsidiary' | Stage2: [Saltillo Engine Plant (sent 0), Ramos Arizpe (sent 2), GM High Value engine (sent 5), GM High Value engine (sent 6)] | Final: [Saltillo Engine Plant (sent 0), Ramos Arizpe Assembly (sent 0), Ramos Arizpe (sent 1), Ramos Arizpe (sent 2)]
2026-02-20 13:01:30,768 - INFO - HTTP Request: POST http://localhost:11434/api/chat "HTTP/1.1 200 OK"
2026-02-20 13:01:43,054 - INFO - HTTP Request: POST http://localhost:11434/api/chat "HTTP/1.1 200 OK"
2026-02-20 13:01:43,055 - INFO - [MultiStage] Q75 | Stage1: [Dylan Everett (sent 0), Wingin' It (sent 2), Frenemies (film) (sent 1), Dean Winchester (sent 1)] | RefinedQuery: 'Dylan Everett 2015 television show' | Stage2: [Dylan Everett (sent 0), Wingin' It (sent 2), Frenemies (film) (sent 1), Open Heart (TV series) (sent 1)] | Final: [Dylan Everett (sent 0), Wingin' It (sent 2), Frenemies (film) (sent 1), Dean Winchester (sent 1)]
2026-02-20 13:01:46,654 - INFO - HTTP Request: POST http://localhost:11434/api/chat "HTTP/1.1 200 OK"
2026-02-20 13:01:53,229 - INFO - HTTP Request: POST http://localhost:11434/api/chat "HTTP/1.1 200 OK"
2026-02-20 13:01:53,229 - INFO - [MultiStage] Q76 | Stage1: [Chaerophyllum (sent 0), Cryptanthus (sent 0), Chaerophyllum elegans (sent 0), Cryptanthus (sent 4)] | RefinedQuery: 'Chaerophyllum OR Cryptanthus distribution range' | Stage2: [Chaerophyllum (sent 0), Cryptanthus (sent 0), Chaerophyllum elegans (sent 0), Chaerophyllum (sent 1)] | Final: [Chaerophyllum (sent 0), Cryptanthus (sent 0), Chaerophyllum elegans (sent 0), Cryptanthus (sent 4)]
2026-02-20 13:01:57,863 - INFO - HTTP Request: POST http://localhost:11434/api/chat "HTTP/1.1 200 OK"
2026-02-20 13:02:09,667 - INFO - HTTP Request: POST http://localhost:11434/api/chat "HTTP/1.1 200 OK"
2026-02-20 13:02:09,667 - INFO - [MultiStage] Q77 | Stage1: [Johnny Mathis: Wonderful, Wonderful! (sent 0), Wonderful Wonderful (Johnny Mathis album) (sent 0), Johnny Mathis: Wonderful, Wonderful! (sent 1), Warm (Johnny Mathis album) (sent 0)] | RefinedQuery: 'luxury hotel casino spa resort Atlantic City New Jersey Johnny Mathis Wonderful Wonderful concert venue' | Stage2: [Borgata (sent 2), Tropicana Casino &amp; Resort Atlantic City (sent 0), Caesars Atlantic City (sent 0), The Atlantic Club Casino Hotel (sent 0)] | Final: [Johnny Mathis: Wonderful, Wonderful! (sent 0), Wonderful Wonderful (Johnny Mathis album) (sent 0), Borgata (sent 2), Tropicana Casino &amp; Resort Atlantic City (sent 0)]
2026-02-20 13:02:13,938 - INFO - HTTP Request: POST http://localhost:11434/api/chat "HTTP/1.1 200 OK"
2026-02-20 13:02:21,873 - INFO - HTTP Request: POST http://localhost:11434/api/chat "HTTP/1.1 200 OK"
2026-02-20 13:02:21,874 - INFO - [MultiStage] Q78 | Stage1: [In His Eyes (sent 3), Linda Eder (sent 0), Bill Grainer (sent 1), Anne Cochran (sent 3)] | RefinedQuery: 'lyrics for Linda Eder's Broadway debut song In His Eyes composer or writer' | Stage2: [In His Eyes (sent 3), Linda Eder (sent 0), In His Eyes (sent 0), Bill Grainer (sent 1)] | Final: [In His Eyes (sent 3), Linda Eder (sent 0), In His Eyes (sent 0), Bill Grainer (sent 1)]
2026-02-20 13:02:24,828 - INFO - HTTP Request: POST http://localhost:11434/api/chat "HTTP/1.1 200 OK"
2026-02-20 13:02:38,034 - INFO - HTTP Request: POST http://localhost:11434/api/chat "HTTP/1.1 200 OK"
2026-02-20 13:02:38,035 - INFO - [MultiStage] Q79 | Stage1: [The Company They Keep (sent 0), The Company They Keep (sent 1), Diana Pavlac Glyer (sent 0), Azusa Pacific University (sent 0)] | RefinedQuery: 'Azusa Pacific University religious affiliation' | Stage2: [Azusa Pacific University (sent 0), John Culp (sent 0), Smadar Lavie (sent 1), Graham Schweig (sent 1)] | Final: [The Company They Keep (sent 0), The Company They Keep (sent 1), Diana Pavlac Glyer (sent 0), John Culp (sent 0)]
2026-02-20 13:02:41,675 - INFO - HTTP Request: POST http://localhost:11434/api/chat "HTTP/1.1 200 OK"
2026-02-20 13:02:52,807 - INFO - HTTP Request: POST http://localhost:11434/api/chat "HTTP/1.1 200 OK"
2026-02-20 13:02:52,808 - INFO - [MultiStage] Q80 | Stage1: [For One Night Only (Irish TV series) (sent 0), Gay Byrne (sent 1), One Night Only (TV series) (sent 0), One Night Only (TV series) (sent 4)] | RefinedQuery: 'Gay Byrne hosting history from 1962 until 1999' | Stage2: [Gay Byrne (sent 0), For One Night Only (Irish TV series) (sent 0), Gay Byrne (sent 1), Elton John One Night Only – The Greatest Hits (sent 1)] | Final: [Gay Byrne (sent 0), For One Night Only (Irish TV series) (sent 0), Gay Byrne (sent 1), One Night Only (TV series) (sent 0)]
2026-02-20 13:02:56,863 - INFO - HTTP Request: POST http://localhost:11434/api/chat "HTTP/1.1 200 OK"
2026-02-20 13:03:06,892 - INFO - HTTP Request: POST http://localhost:11434/api/chat "HTTP/1.1 200 OK"
2026-02-20 13:03:06,892 - INFO - [MultiStage] Q81 | Stage1: [Lebensraum (sent 1), Blood and Soil (sent 2), Lebensraum (sent 0), Betriebsobmann (sent 0)] | RefinedQuery: 'site:history or politics Lebensraum Nazi Party slogan World War II' | Stage2: [Lebensraum (sent 1), Betriebsobmann (sent 0), Nazi Germany (sent 0), Nazi Germany (sent 4)] | Final: [Lebensraum (sent 1), Blood and Soil (sent 2), Lebensraum (sent 0), Nazi Germany (sent 0)]
2026-02-20 13:03:11,699 - INFO - HTTP Request: POST http://localhost:11434/api/chat "HTTP/1.1 200 OK"
2026-02-20 13:03:22,335 - INFO - HTTP Request: POST http://localhost:11434/api/chat "HTTP/1.1 200 OK"
2026-02-20 13:03:22,336 - INFO - [MultiStage] Q82 | Stage1: [The Visit (2015 American film) (sent 0), The Village (2004 film) (sent 0), Scare Campaign (sent 0), When a Stranger Calls (2006 film) (sent 0)] | RefinedQuery: 'american horror films starring olivia dejonge and directed by shyamalan not listed in retrieved sources' | Stage2: [The Visit (2015 American film) (sent 0), List of horror films of the 1930s (sent 0), The Village (2004 film) (sent 0), List of horror films of the 1930s (sent 1)] | Final: [The Visit (2015 American film) (sent 0), List of horror films of the 1930s (sent 0), List of horror films of the 1930s (sent 1), The Village (2004 film) (sent 0)]
2026-02-20 13:03:25,701 - INFO - HTTP Request: POST http://localhost:11434/api/chat "HTTP/1.1 200 OK"
2026-02-20 13:03:39,039 - INFO - HTTP Request: POST http://localhost:11434/api/chat "HTTP/1.1 200 OK"
2026-02-20 13:03:39,039 - INFO - [MultiStage] Q83 | Stage1: [SS command of Auschwitz concentration camp (sent 0), Jasenovac concentration camp (sent 2), Auschwitz concentration camp (sent 1), Auschwitz concentration camp (sent 0)] | RefinedQuery: 'longest serving commandant of Auschwitz negotiation owners' | Stage2: [Rudolf Höss (sent 0), SS command of Auschwitz concentration camp (sent 0), Auschwitz concentration camp (sent 0), Carl Clauberg (sent 1)] | Final: [SS command of Auschwitz concentration camp (sent 0), Jasenovac concentration camp (sent 2), Auschwitz concentration camp (sent 1), Auschwitz concentration camp (sent 0)]
2026-02-20 13:03:41,633 - INFO - HTTP Request: POST http://localhost:11434/api/chat "HTTP/1.1 200 OK"
2026-02-20 13:03:51,107 - INFO - HTTP Request: POST http://localhost:11434/api/chat "HTTP/1.1 200 OK"
2026-02-20 13:03:51,108 - INFO - [MultiStage] Q84 | Stage1: [McDonaldization (sent 1), Nordsee (sent 1), Long John Silver's (sent 0), Nordsee (sent 0)] | RefinedQuery: 'long john silver novel genre' | Stage2: [Long John Silver's (sent 1), Long John Silver's (sent 0), Treasure Island (sent 0), McDonaldization (sent 1)] | Final: [McDonaldization (sent 1), Long John Silver's (sent 1), Nordsee (sent 1), Long John Silver's (sent 0)]
2026-02-20 13:03:54,727 - INFO - HTTP Request: POST http://localhost:11434/api/chat "HTTP/1.1 200 OK"
2026-02-20 13:04:08,141 - INFO - HTTP Request: POST http://localhost:11434/api/chat "HTTP/1.1 200 OK"
2026-02-20 13:04:11,243 - INFO - HTTP Request: POST http://localhost:11434/api/chat "HTTP/1.1 200 OK"
2026-02-20 13:04:18,390 - INFO - HTTP Request: POST http://localhost:11434/api/chat "HTTP/1.1 200 OK"
2026-02-20 13:04:18,391 - INFO - [MultiStage] Q86 | Stage1: [A Wind in the Door (sent 0), Kaze no Stigma (sent 1), Koi Kaze (sent 1), Kaze Hikaru (sent 1)] | RefinedQuery: 'author of a wind in the door series' | Stage2: [A Wind in the Door (sent 0), Dan Angel (sent 2), Kaze no Stigma (sent 1), Kaze Hikaru (sent 1)] | Final: [A Wind in the Door (sent 0), Kaze no Stigma (sent 1), Dan Angel (sent 2), Koi Kaze (sent 1)]
2026-02-20 13:04:21,807 - INFO - HTTP Request: POST http://localhost:11434/api/chat "HTTP/1.1 200 OK"
2026-02-20 13:04:32,767 - INFO - HTTP Request: POST http://localhost:11434/api/chat "HTTP/1.1 200 OK"
2026-02-20 13:04:32,768 - INFO - [MultiStage] Q87 | Stage1: [Lahad Datu Airport (sent 3), Sofia Airport (sent 1), Rotterdam The Hague Airport (sent 2), Exeter Airport (sent 2)] | RefinedQuery: 'Rotterdam The Hague Airport passenger numbers 2016' | Stage2: [A13 motorway (Netherlands) (sent 1), Rotterdam The Hague Airport (sent 0), Rotterdam The Hague Airport (sent 1), Rotterdam The Hague Airport (sent 2)] | Final: [Lahad Datu Airport (sent 3), A13 motorway (Netherlands) (sent 1), Sofia Airport (sent 1), Rotterdam The Hague Airport (sent 0)]
2026-02-20 13:04:35,532 - INFO - HTTP Request: POST http://localhost:11434/api/chat "HTTP/1.1 200 OK"
2026-02-20 13:04:52,287 - INFO - HTTP Request: POST http://localhost:11434/api/chat "HTTP/1.1 200 OK"
2026-02-20 13:04:52,288 - INFO - [MultiStage] Q88 | Stage1: [Sinclair, West Virginia (sent 1), Sinclair Oil Corporation (sent 1), Sinclair Oil Corporation (sent 0), Harry Ford Sinclair (sent 0)] | RefinedQuery: 'Sinclair Oil logo' | Stage2: [Sinclair Oil Corporation (sent 0), Sinclair Oil Corporation (sent 1), Harry Ford Sinclair (sent 0), Sinclair, West Virginia (sent 1)] | Final: [Sinclair, West Virginia (sent 1), Sinclair Oil Corporation (sent 1), Sinclair Oil Corporation (sent 0), Harry Ford Sinclair (sent 0)]
2026-02-20 13:04:56,344 - INFO - HTTP Request: POST http://localhost:11434/api/chat "HTTP/1.1 200 OK"
2026-02-20 13:05:17,674 - INFO - HTTP Request: POST http://localhost:11434/api/chat "HTTP/1.1 200 OK"
2026-02-20 13:05:17,674 - INFO - [MultiStage] Q89 | Stage1: [Jihad: A Story of the Others (sent 0), A Jihad for Love (sent 0), Jihad: A Story of the Others (sent 3), Jihad: A Story of the Others (sent 2)] | RefinedQuery: 'director of the documentary Jihad: A Story of the Others' | Stage2: [Jihad: A Story of the Others (sent 0), A Jihad for Love (sent 0), Jihad: A Story of the Others (sent 3), Jihad: A Story of the Others (sent 2)] | Final: [Jihad: A Story of the Others (sent 0), A Jihad for Love (sent 0), Jihad: A Story of the Others (sent 3), Jihad: A Story of the Others (sent 2)]
2026-02-20 13:05:22,716 - INFO - HTTP Request: POST http://localhost:11434/api/chat "HTTP/1.1 200 OK"
2026-02-20 13:05:32,600 - INFO - HTTP Request: POST http://localhost:11434/api/chat "HTTP/1.1 200 OK"
2026-02-20 13:05:32,600 - INFO - [MultiStage] Q90 | Stage1: [Josh Holliday (sent 6), Athletics Stadium (sent 3), Bedlam Series (sent 0), Josh Holliday (sent 3)] | RefinedQuery: 'stadium formerly known as where minor league baseball games were played between Sooners and Cowboys teams' | Stage2: [Athletics Stadium (sent 0), Athletics Stadium (sent 3), LECOM Park (sent 5), Dr Pepper Ballpark (sent 2)] | Final: [Josh Holliday (sent 6), Athletics Stadium (sent 0), Athletics Stadium (sent 3), Bedlam Series (sent 0)]
2026-02-20 13:05:35,466 - INFO - HTTP Request: POST http://localhost:11434/api/chat "HTTP/1.1 200 OK"
2026-02-20 13:05:51,692 - INFO - HTTP Request: POST http://localhost:11434/api/chat "HTTP/1.1 200 OK"
2026-02-20 13:05:51,693 - INFO - [MultiStage] Q91 | Stage1: [Cooperative Living Organization (sent 0), List of counties in Florida (sent 4), List of counties in Florida (sent 5), List of counties in Florida (sent 0)] | RefinedQuery: 'Cooperative Living Organization location county Florida' | Stage2: [Cooperative Living Organization (sent 0), List of counties in Florida (sent 4), List of counties in Florida (sent 5), Cumberland Homesteads (sent 1)] | Final: [Cooperative Living Organization (sent 0), List of counties in Florida (sent 4), List of counties in Florida (sent 5), Cumberland Homesteads (sent 1)]
2026-02-20 13:05:54,707 - INFO - HTTP Request: POST http://localhost:11434/api/chat "HTTP/1.1 200 OK"
2026-02-20 13:06:06,217 - INFO - HTTP Request: POST http://localhost:11434/api/chat "HTTP/1.1 200 OK"
2026-02-20 13:06:06,218 - INFO - [MultiStage] Q92 | Stage1: [C. J. Cherryh (sent 0), The Fortress Series (sent 0), Jane Thayer (sent 4), Carolyn Zane (sent 0)] | RefinedQuery: 'author of The Fortress Series' | Stage2: [The Fortress Series (sent 0), The Fortress Series (sent 2), Lionel Snell (sent 0), C. J. Cherryh (sent 2)] | Final: [C. J. Cherryh (sent 0), The Fortress Series (sent 0), The Fortress Series (sent 2), Jane Thayer (sent 4)]
2026-02-20 13:06:09,721 - INFO - HTTP Request: POST http://localhost:11434/api/chat "HTTP/1.1 200 OK"
2026-02-20 13:06:17,041 - INFO - HTTP Request: POST http://localhost:11434/api/chat "HTTP/1.1 200 OK"
2026-02-20 13:06:17,042 - INFO - [MultiStage] Q93 | Stage1: [Sapsali (sent 2), Segugio Italiano (sent 0), Sapsali (sent 0), Ghosts in Bengali culture (sent 9)] | RefinedQuery: 'dog breed believed to dispel ghosts evil spirits' | Stage2: [Sapsali (sent 2), Ghosts in Bengali culture (sent 9), Segugio Italiano (sent 2), Ghosts in Bengali culture (sent 1)] | Final: [Sapsali (sent 2), Segugio Italiano (sent 0), Sapsali (sent 0), Ghosts in Bengali culture (sent 9)]
2026-02-20 13:06:21,259 - INFO - HTTP Request: POST http://localhost:11434/api/chat "HTTP/1.1 200 OK"
2026-02-20 13:06:33,263 - INFO - HTTP Request: POST http://localhost:11434/api/chat "HTTP/1.1 200 OK"
2026-02-20 13:06:33,263 - INFO - [MultiStage] Q94 | Stage1: [The Cellar (Enfield, North Carolina) (sent 0), Enfield, North Carolina (sent 0), Gilbert du Motier, Marquis de Lafayette (sent 0), Bell-Sherrod House (sent 0)] | RefinedQuery: 'The Cellar (Enfield, North Carolina) and Marquis de Lafayette' | Stage2: [The Cellar (Enfield, North Carolina) (sent 0), The Cellar (Enfield, North Carolina) (sent 4), Gilbert du Motier, Marquis de Lafayette (sent 1), Gilbert du Motier, Marquis de Lafayette (sent 0)] | Final: [The Cellar (Enfield, North Carolina) (sent 0), Enfield, North Carolina (sent 0), Gilbert du Motier, Marquis de Lafayette (sent 0), Bell-Sherrod House (sent 0)]
2026-02-20 13:06:36,412 - INFO - HTTP Request: POST http://localhost:11434/api/chat "HTTP/1.1 200 OK"
2026-02-20 13:06:46,876 - INFO - HTTP Request: POST http://localhost:11434/api/chat "HTTP/1.1 200 OK"
2026-02-20 13:06:46,877 - INFO - [MultiStage] Q95 | Stage1: [Case McCoy (sent 2), Case McCoy (sent 0), Colt McCoy (sent 0), David Neill (sent 2)] | RefinedQuery: 'Colt McCoy AND Case McCoy NFL teams' | Stage2: [Colt McCoy (sent 0), Case McCoy (sent 0), Case McCoy (sent 2), David Neill (sent 2)] | Final: [Case McCoy (sent 2), Case McCoy (sent 0), Colt McCoy (sent 0), David Neill (sent 2)]
2026-02-20 13:06:50,359 - INFO - HTTP Request: POST http://localhost:11434/api/chat "HTTP/1.1 200 OK"
2026-02-20 13:07:01,822 - INFO - HTTP Request: POST http://localhost:11434/api/chat "HTTP/1.1 200 OK"
2026-02-20 13:07:01,822 - INFO - [MultiStage] Q96 | Stage1: [The Mighty Handful (sent 0), Alexander Borodin (sent 1), Alexander Borodin (sent 0), International Russian School in Antalya (sent 2)] | RefinedQuery: 'Alexander Borodin + doctor + chemist + composer' | Stage2: [Alexander Borodin (sent 0), Alexander Borodin (sent 1), The Mighty Handful (sent 1), The Mighty Handful (sent 0)] | Final: [The Mighty Handful (sent 0), Alexander Borodin (sent 1), Alexander Borodin (sent 0), International Russian School in Antalya (sent 2)]
2026-02-20 13:07:05,092 - INFO - HTTP Request: POST http://localhost:11434/api/chat "HTTP/1.1 200 OK"
2026-02-20 13:07:12,122 - INFO - HTTP Request: POST http://localhost:11434/api/chat "HTTP/1.1 200 OK"
2026-02-20 13:07:12,122 - INFO - [MultiStage] Q97 | Stage1: [Ghosts of Mississippi (sent 0), Susanna Thompson (sent 0), Twilight of Honor (sent 1), Susanna Thompson (sent 1)] | RefinedQuery: 'director of the courtroom drama film Ghosts of Mississippi' | Stage2: [Ghosts of Mississippi (sent 0), Twilight of Honor (sent 1), Twilight of Honor (sent 0), The Lawyer (film) (sent 0)] | Final: [Ghosts of Mississippi (sent 0), Susanna Thompson (sent 0), Twilight of Honor (sent 0), The Lawyer (film) (sent 0)]
2026-02-20 13:07:15,205 - INFO - HTTP Request: POST http://localhost:11434/api/chat "HTTP/1.1 200 OK"
2026-02-20 13:07:24,768 - INFO - HTTP Request: POST http://localhost:11434/api/chat "HTTP/1.1 200 OK"
2026-02-20 13:07:24,768 - INFO - [MultiStage] Q98 | Stage1: [Live Wire Radio (sent 0), Floater (band) (sent 5), Livewire (sent 0), Live Wire (Martha and the Vandellas song) (sent 0)] | RefinedQuery: 'Live Wire Radio replacement variety show creation year' | Stage2: [Live Wire Radio (sent 0), Live Wire (album) (sent 0), Floater (band) (sent 5), Live Wire (Martha and the Vandellas song) (sent 0)] | Final: [Live Wire Radio (sent 0), Floater (band) (sent 5), Livewire (sent 0), Live Wire (Martha and the Vandellas song) (sent 0)]
2026-02-20 13:07:28,907 - INFO - HTTP Request: POST http://localhost:11434/api/chat "HTTP/1.1 200 OK"
2026-02-20 13:07:39,540 - INFO - HTTP Request: POST http://localhost:11434/api/chat "HTTP/1.1 200 OK"
2026-02-20 13:07:39,541 - INFO - [MultiStage] Q99 | Stage1: [Luke Rockhold (sent 0), Luke Rockhold (sent 4), Luke Rockhold (sent 3), Chris Weidman (sent 4)] | RefinedQuery: 'Luke Rockhold defeated who first earned a win against Chris Weidman UFC' | Stage2: [Chris Weidman (sent 4), Luke Rockhold (sent 0), Luke Rockhold (sent 3), Luke Rockhold (sent 4)] | Final: [Luke Rockhold (sent 0), Luke Rockhold (sent 4), Luke Rockhold (sent 3), Chris Weidman (sent 4)]
2026-02-20 13:07:43,071 - INFO - HTTP Request: POST http://localhost:11434/api/chat "HTTP/1.1 200 OK"
2026-02-20 13:07:54,409 - INFO - HTTP Request: POST http://localhost:11434/api/chat "HTTP/1.1 200 OK"
2026-02-20 13:07:54,410 - INFO - [MultiStage] Q100 | Stage1: [Arlecchino (opera) (sent 0), The Consul (sent 0), Consul fabius (sent 0), Ekaterina Semenikhin (sent 0)] | RefinedQuery: 'The Consul and Arlecchino type of opera' | Stage2: [Arlecchino (opera) (sent 0), The Consul (sent 0), Arlecchino (opera) (sent 2), Degagna (sent 7)] | Final: [Arlecchino (opera) (sent 2), Arlecchino (opera) (sent 0), The Consul (sent 0), Consul fabius (sent 0)]
2026-02-20 13:08:00,263 - INFO - HTTP Request: POST http://localhost:11434/api/chat "HTTP/1.1 200 OK"
2026-02-20 13:08:07,686 - INFO - HTTP Request: POST http://localhost:11434/api/chat "HTTP/1.1 200 OK"
2026-02-20 13:08:07,687 - INFO - [MultiStage] Q101 | Stage1: [Milton Vieira (sent 3), Dan Henderson (sent 6), Namsaknoi Yudthagarngamtorn (sent 0), Mário Neto (sent 1)] | RefinedQuery: 'Brazilian UFC mixed martial artist coached by Namsaknoi Yudthagarngamtorn' | Stage2: [Namsaknoi Yudthagarngamtorn (sent 0), Dan Henderson (sent 6), José Aldo (sent 0), Anderson Silva (sent 0)] | Final: [Milton Vieira (sent 3), Dan Henderson (sent 6), Namsaknoi Yudthagarngamtorn (sent 0), Mário Neto (sent 1)]
2026-02-20 13:08:11,681 - INFO - HTTP Request: POST http://localhost:11434/api/chat "HTTP/1.1 200 OK"
2026-02-20 13:08:22,467 - INFO - HTTP Request: POST http://localhost:11434/api/chat "HTTP/1.1 200 OK"
2026-02-20 13:08:22,468 - INFO - [MultiStage] Q102 | Stage1: [Hydrocotyle umbellata (sent 0), Epidendrum subsect. Umbellata (sent 8), Lysiloma (sent 0), Hunteria umbellata (sent 0)] | RefinedQuery: 'species count Lysiloma vs Hydrocotyle umbellata' | Stage2: [Hydrocotyle umbellata (sent 0), Lysiloma (sent 0), Epidendrum subsect. Umbellata (sent 8), Sabicu wood (sent 4)] | Final: [Hydrocotyle umbellata (sent 0), Epidendrum subsect. Umbellata (sent 8), Lysiloma (sent 0), Hunteria umbellata (sent 0)]
2026-02-20 13:08:28,054 - INFO - HTTP Request: POST http://localhost:11434/api/chat "HTTP/1.1 200 OK"
2026-02-20 13:08:43,042 - INFO - HTTP Request: POST http://localhost:11434/api/chat "HTTP/1.1 200 OK"
2026-02-20 13:08:43,042 - INFO - [MultiStage] Q103 | Stage1: [Gasland (sent 0), Bodybuilders (On the Inside) (sent 4), Pumping Iron (sent 0), Pumping Iron II: The Women (sent 0)] | RefinedQuery: 'Are the films Gasland from 2010 and Pumping Iron from 1977 both documentaries?' | Stage2: [Gasland (sent 0), Bodybuilders (On the Inside) (sent 4), Pumping Iron (sent 0), Pumping Iron II: The Women (sent 0)] | Final: [Gasland (sent 0), Bodybuilders (On the Inside) (sent 4), Pumping Iron (sent 0), Pumping Iron II: The Women (sent 0)]
2026-02-20 13:08:47,225 - INFO - HTTP Request: POST http://localhost:11434/api/chat "HTTP/1.1 200 OK"
2026-02-20 13:09:01,636 - INFO - HTTP Request: POST http://localhost:11434/api/chat "HTTP/1.1 200 OK"
2026-02-20 13:09:01,636 - INFO - [MultiStage] Q104 | Stage1: [Assassination of John F. Kennedy (sent 1), Rosemary Willis (Miss Virginia) (sent 0), Dealey Plaza (sent 0), Assassination of John F. Kennedy (sent 0)] | RefinedQuery: 'Texas town where JFK was assassinated and person in grass identified' | Stage2: [Dealey Plaza (sent 0), Assassination of John F. Kennedy (sent 0), Assassination of John F. Kennedy (sent 1), Pink Chanel suit of Jacqueline Bouvier Kennedy (sent 0)] | Final: [Assassination of John F. Kennedy (sent 1), Rosemary Willis (Miss Virginia) (sent 0), Dealey Plaza (sent 0), Assassination of John F. Kennedy (sent 0)]
2026-02-20 13:09:06,249 - INFO - HTTP Request: POST http://localhost:11434/api/chat "HTTP/1.1 200 OK"
2026-02-20 13:09:17,552 - INFO - HTTP Request: POST http://localhost:11434/api/chat "HTTP/1.1 200 OK"
2026-02-20 13:09:17,553 - INFO - [MultiStage] Q105 | Stage1: [Eadred Lulisc (sent 2), Wilfrid (sent 2), Wilfrid (sent 4), Ceolwulf of Northumbria (sent 0)] | RefinedQuery: 'The Historia and king of Northumbria with abbot in central place in election as king' | Stage2: [Eadred Lulisc (sent 2), Ceolwulf of Northumbria (sent 0), Wilfrid (sent 4), Wilfrid (sent 2)] | Final: [Eadred Lulisc (sent 2), Wilfrid (sent 2), Wilfrid (sent 4), Ceolwulf of Northumbria (sent 0)]
2026-02-20 13:09:20,946 - INFO - HTTP Request: POST http://localhost:11434/api/chat "HTTP/1.1 200 OK"
2026-02-20 13:09:27,641 - INFO - HTTP Request: POST http://localhost:11434/api/chat "HTTP/1.1 200 OK"
2026-02-20 13:09:27,642 - INFO - [MultiStage] Q106 | Stage1: [Mooreville, Mississippi (sent 2), Interstate 22 (sent 0), Mooreville, Mississippi (sent 0), U.S. Route 78 in Georgia (sent 0)] | RefinedQuery: 'Mooreville, Mississippi and US Route 78' | Stage2: [Mooreville, Mississippi (sent 2), Interstate 22 (sent 0), U.S. Route 78 in Georgia (sent 0), U.S. Route 78 in Georgia (sent 5)] | Final: [Mooreville, Mississippi (sent 2), Interstate 22 (sent 0), Mooreville, Mississippi (sent 0), U.S. Route 78 in Georgia (sent 0)]
2026-02-20 13:09:31,222 - INFO - HTTP Request: POST http://localhost:11434/api/chat "HTTP/1.1 200 OK"
2026-02-20 13:09:37,770 - INFO - HTTP Request: POST http://localhost:11434/api/chat "HTTP/1.1 200 OK"
2026-02-20 13:09:37,771 - INFO - [MultiStage] Q107 | Stage1: [Flamingo Las Vegas (sent 0), Shakori Hills Grassroots Festival (sent 3), Jason Edwards: An Average Man (sent 5), Summer Nights (residency show) (sent 1)] | RefinedQuery: 'Summer Nights residency show location Flamingo Las Vegas' | Stage2: [Summer Nights (residency show) (sent 1), Flamingo Las Vegas (sent 0), Summer Nights (residency show) (sent 0), HalloWeekends (sent 2)] | Final: [Summer Nights (residency show) (sent 0), Flamingo Las Vegas (sent 0), Shakori Hills Grassroots Festival (sent 3), Jason Edwards: An Average Man (sent 5)]
2026-02-20 13:09:42,001 - INFO - HTTP Request: POST http://localhost:11434/api/chat "HTTP/1.1 200 OK"
2026-02-20 13:10:01,259 - INFO - HTTP Request: POST http://localhost:11434/api/chat "HTTP/1.1 200 OK"
2026-02-20 13:10:01,260 - INFO - [MultiStage] Q108 | Stage1: [Paul Freeman (cryptozoologist) (sent 1), Paul Freeman (cryptozoologist) (sent 0), Paul Freeman (cryptozoologist) (sent 2), H. Winnett Orr (sent 1)] | RefinedQuery: 'anthropologist + evidence + plaster casts + discovered by Paul Freeman cryptozoologist' | Stage2: [Paul Freeman (cryptozoologist) (sent 1), Paul Freeman (cryptozoologist) (sent 0), Paul Freeman (cryptozoologist) (sent 2), Museum of Plaster Casts (Thessaloniki) (sent 1)] | Final: [Paul Freeman (cryptozoologist) (sent 1), Paul Freeman (cryptozoologist) (sent 0), Paul Freeman (cryptozoologist) (sent 2), H. Winnett Orr (sent 1)]
2026-02-20 13:10:05,750 - INFO - HTTP Request: POST http://localhost:11434/api/chat "HTTP/1.1 200 OK"
2026-02-20 13:10:16,558 - INFO - HTTP Request: POST http://localhost:11434/api/chat "HTTP/1.1 200 OK"
2026-02-20 13:10:16,558 - INFO - [MultiStage] Q109 | Stage1: [Freemium (sent 3), Open-source license (sent 0), Common Development and Distribution License (sent 2), Tales of Maj'Eyal (sent 4)] | RefinedQuery: 'video game released in 2012 free-to-play open source roguelike licensed under' | Stage2: [Tales of Maj'Eyal (sent 0), Dungeon Crawl Stone Soup (sent 0), Freemium (sent 3), Open-source license (sent 0)] | Final: [Freemium (sent 3), Open-source license (sent 0), Tales of Maj'Eyal (sent 0), Common Development and Distribution License (sent 2)]
2026-02-20 13:10:20,215 - INFO - HTTP Request: POST http://localhost:11434/api/chat "HTTP/1.1 200 OK"
2026-02-20 13:10:31,648 - INFO - HTTP Request: POST http://localhost:11434/api/chat "HTTP/1.1 200 OK"
2026-02-20 13:10:31,649 - INFO - [MultiStage] Q110 | Stage1: [Nadia Santos (sent 1), Mía Maestro (sent 0), Jean Paul Leroux (sent 1), The Speed of Thought (sent 1)] | RefinedQuery: 'director of 2002 biopic starring Mía Maestro' | Stage2: [Nadia Santos (sent 1), Mía Maestro (sent 0), Jean Paul Leroux (sent 1), The Speed of Thought (sent 1)] | Final: [Nadia Santos (sent 1), Mía Maestro (sent 0), Jean Paul Leroux (sent 1), The Speed of Thought (sent 1)]
2026-02-20 13:10:34,465 - INFO - HTTP Request: POST http://localhost:11434/api/chat "HTTP/1.1 200 OK"
2026-02-20 13:10:45,784 - INFO - HTTP Request: POST http://localhost:11434/api/chat "HTTP/1.1 200 OK"
2026-02-20 13:10:45,785 - INFO - [MultiStage] Q111 | Stage1: [Charles Fort (sent 0), UFO Magazine (UK) (sent 0), UFO Magazine (sent 0), UFO Magazine (UK) (sent 2)] | RefinedQuery: 'Charles Hoy Fort subject name' | Stage2: [Charles Fort (sent 0), Give My Regards to Davy (sent 3), Josef Raesch (sent 1), Give My Regards to Davy (sent 2)] | Final: [Charles Fort (sent 0), UFO Magazine (UK) (sent 0), UFO Magazine (sent 0), UFO Magazine (UK) (sent 2)]
2026-02-20 13:10:49,416 - INFO - HTTP Request: POST http://localhost:11434/api/chat "HTTP/1.1 200 OK"
2026-02-20 13:10:59,678 - INFO - HTTP Request: POST http://localhost:11434/api/chat "HTTP/1.1 200 OK"
2026-02-20 13:10:59,680 - INFO - [MultiStage] Q112 | Stage1: [Clermont, Iowa (sent 3), The Straight Story (sent 0), Alvin Straight (sent 1), Frozen (2013 film) (sent 0)] | RefinedQuery: 'genre of The Straight Story and Frozen films comparison' | Stage2: [The Straight Story (sent 0), Alvin Straight (sent 1), Clermont, Iowa (sent 3), Frozen (2013 film) (sent 0)] | Final: [Clermont, Iowa (sent 3), The Straight Story (sent 0), Alvin Straight (sent 1), Frozen (2013 film) (sent 0)]
2026-02-20 13:11:02,892 - INFO - HTTP Request: POST http://localhost:11434/api/chat "HTTP/1.1 200 OK"
2026-02-20 13:11:13,444 - INFO - HTTP Request: POST http://localhost:11434/api/chat "HTTP/1.1 200 OK"
2026-02-20 13:11:13,445 - INFO - [MultiStage] Q113 | Stage1: [The Other Magpie (sent 0), Lame Deer (sent 2), Battle of the Rosebud (sent 0), Naval Battle of Campeche (sent 1)] | RefinedQuery: 'Other Magpie 1876 battle' | Stage2: [The Other Magpie (sent 0), Lame Deer (sent 2), Battle of the Rosebud (sent 0), Battle of Olongapo (sent 0)] | Final: [The Other Magpie (sent 0), Lame Deer (sent 2), Battle of the Rosebud (sent 0), Battle of Olongapo (sent 0)]
2026-02-20 13:11:17,346 - INFO - HTTP Request: POST http://localhost:11434/api/chat "HTTP/1.1 200 OK"
2026-02-20 13:11:31,805 - INFO - HTTP Request: POST http://localhost:11434/api/chat "HTTP/1.1 200 OK"
2026-02-20 13:11:31,805 - INFO - [MultiStage] Q114 | Stage1: [Big John Studd (sent 0), John D. Minton Jr. (sent 0), Curt Hennig (sent 0), Big John Studd (sent 1)] | RefinedQuery: 'Disney movie featuring John William Minton as an actor' | Stage2: [Big John Studd (sent 0), John D. Minton Jr. (sent 0), Double Agent (1987 film) (sent 1), John D. Minton Jr. (sent 1)] | Final: [Big John Studd (sent 0), John D. Minton Jr. (sent 0), Double Agent (1987 film) (sent 1), Curt Hennig (sent 0)]
2026-02-20 13:11:35,134 - INFO - HTTP Request: POST http://localhost:11434/api/chat "HTTP/1.1 200 OK"
2026-02-20 13:11:42,803 - INFO - HTTP Request: POST http://localhost:11434/api/chat "HTTP/1.1 200 OK"
2026-02-20 13:11:42,803 - INFO - [MultiStage] Q115 | Stage1: [I Love You (The Zombies song) (sent 0), She Is Love (Parachute song) (sent 4), Can We Talk (sent 6), Chris White (musician) (sent 0)] | RefinedQuery: 'song cover by Chris Write I Love You' | Stage2: [I Love You (The Zombies song) (sent 0), Can We Talk (sent 6), She Is Love (Parachute song) (sent 6), Chris White (musician) (sent 0)] | Final: [I Love You (The Zombies song) (sent 0), She Is Love (Parachute song) (sent 4), Can We Talk (sent 6), Chris White (musician) (sent 0)]
2026-02-20 13:11:46,286 - INFO - HTTP Request: POST http://localhost:11434/api/chat "HTTP/1.1 200 OK"
2026-02-20 13:11:56,390 - INFO - HTTP Request: POST http://localhost:11434/api/chat "HTTP/1.1 200 OK"
2026-02-20 13:11:56,391 - INFO - [MultiStage] Q116 | Stage1: [Sherwood Stewart (sent 0), Javier Frana (sent 0), 1996 Nottingham Open – Singles (sent 0), 1996 Abierto Mexicano de Tenis – Doubles (sent 0)] | RefinedQuery: 'Javier Frana birthdate or Sherwood Stewart birthdate' | Stage2: [Sherwood Stewart (sent 0), Javier Frana (sent 0), 1996 Nottingham Open – Singles (sent 0), 1995 Nottingham Open – Singles (sent 0)] | Final: [Sherwood Stewart (sent 0), Javier Frana (sent 0), 1996 Nottingham Open – Singles (sent 0), 1996 Abierto Mexicano de Tenis – Doubles (sent 0)]
2026-02-20 13:12:01,290 - INFO - HTTP Request: POST http://localhost:11434/api/chat "HTTP/1.1 200 OK"
2026-02-20 13:12:11,168 - INFO - HTTP Request: POST http://localhost:11434/api/chat "HTTP/1.1 200 OK"
2026-02-20 13:12:11,169 - INFO - [MultiStage] Q117 | Stage1: [Dogo Cubano (sent 0), Guatemalan Dogo (sent 0), Dutch Shepherd (sent 0), Belgian Shepherd (sent 1)] | RefinedQuery: 'What is the breed classification of Dogo Cubano and comparison to other breeds like Dutch Shepherd?' | Stage2: [Dogo Cubano (sent 0), Guatemalan Dogo (sent 0), Dutch Shepherd (sent 0), Belgian Shepherd (sent 2)] | Final: [Dogo Cubano (sent 0), Guatemalan Dogo (sent 0), Dutch Shepherd (sent 0), Belgian Shepherd (sent 2)]
2026-02-20 13:12:14,667 - INFO - HTTP Request: POST http://localhost:11434/api/chat "HTTP/1.1 200 OK"
2026-02-20 13:12:24,789 - INFO - HTTP Request: POST http://localhost:11434/api/chat "HTTP/1.1 200 OK"
2026-02-20 13:12:24,789 - INFO - [MultiStage] Q118 | Stage1: [Mustafa Shakir (sent 5), Mustafa Shakir (sent 0), Spawn (comics) (sent 0), Mustafa Shakir (sent 4)] | RefinedQuery: 'character created by who Mustafa Shakir wants to play' | Stage2: [Mustafa Shakir (sent 5), Mustafa Shakir (sent 4), Mustafa Shakir (sent 0), Mustafa Shakir (sent 2)] | Final: [Mustafa Shakir (sent 5), Mustafa Shakir (sent 0), Spawn (comics) (sent 0), Mustafa Shakir (sent 4)]
2026-02-20 13:12:27,774 - INFO - HTTP Request: POST http://localhost:11434/api/chat "HTTP/1.1 200 OK"
2026-02-20 13:12:38,707 - INFO - HTTP Request: POST http://localhost:11434/api/chat "HTTP/1.1 200 OK"
2026-02-20 13:12:38,707 - INFO - [MultiStage] Q119 | Stage1: [After the Truth (sent 0), Music Box (film) (sent 1), Theodor Szehinskyj (sent 4), Theodor Szehinskyj (sent 2)] | RefinedQuery: 'Theodor Szehinskyj flee' | Stage2: [Theodor Szehinskyj (sent 0), Theodor Szehinskyj (sent 3), Theodor Szehinskyj (sent 2), Josef Mengele (sent 0)] | Final: [Theodor Szehinskyj (sent 0), After the Truth (sent 0), Theodor Szehinskyj (sent 3), Music Box (film) (sent 1)]
2026-02-20 13:12:41,514 - INFO - HTTP Request: POST http://localhost:11434/api/chat "HTTP/1.1 200 OK"
2026-02-20 13:12:48,210 - INFO - HTTP Request: POST http://localhost:11434/api/chat "HTTP/1.1 200 OK"
2026-02-20 13:12:48,210 - INFO - [MultiStage] Q120 | Stage1: [Forever Living Products (sent 1), Rex Maughan (sent 0), Rex-Acme (sent 0), REX American Resources (sent 0)] | RefinedQuery: 'Rex Maughan acquisition company' | Stage2: [Forever Living Products (sent 1), Rex Maughan (sent 0), REX American Resources (sent 2), Rex Records (1912) (sent 0)] | Final: [Forever Living Products (sent 1), Rex Maughan (sent 0), Rex-Acme (sent 0), REX American Resources (sent 2)]
2026-02-20 13:12:52,368 - INFO - HTTP Request: POST http://localhost:11434/api/chat "HTTP/1.1 200 OK"
2026-02-20 13:13:04,102 - INFO - HTTP Request: POST http://localhost:11434/api/chat "HTTP/1.1 200 OK"
2026-02-20 13:13:04,102 - INFO - [MultiStage] Q121 | Stage1: [The Simpsons (season 12) (sent 0), The Simpsons 138th Episode Spectacular (sent 2), The Simpsons 138th Episode Spectacular (sent 0), Treehouse of Horror XI (sent 0)] | RefinedQuery: 'title: "The Simpsons" and episode number: 249 and air date:' | Stage2: [The Simpsons (season 12) (sent 0), The Simpsons 138th Episode Spectacular (sent 2), The Simpsons 138th Episode Spectacular (sent 0), Treehouse of Horror XI (sent 0)] | Final: [The Simpsons (season 12) (sent 0), The Simpsons 138th Episode Spectacular (sent 2), The Simpsons 138th Episode Spectacular (sent 0), Treehouse of Horror XI (sent 0)]
2026-02-20 13:13:07,404 - INFO - HTTP Request: POST http://localhost:11434/api/chat "HTTP/1.1 200 OK"
2026-02-20 13:13:18,698 - INFO - HTTP Request: POST http://localhost:11434/api/chat "HTTP/1.1 200 OK"
2026-02-20 13:13:18,698 - INFO - [MultiStage] Q122 | Stage1: [Woolworth Building (sent 0), F. W. Woolworth Building (Watertown, New York) (sent 0), F. W. Woolworth Building (Watertown, New York) (sent 2), 1 New York Plaza (sent 0)] | RefinedQuery: 'building completion dates woolworth building 1 new york plaza' | Stage2: [Woolworth Building (sent 0), F. W. Woolworth Building (Watertown, New York) (sent 0), F. W. Woolworth Building (Watertown, New York) (sent 2), Transportation Building (sent 3)] | Final: [Woolworth Building (sent 0), F. W. Woolworth Building (Watertown, New York) (sent 0), F. W. Woolworth Building (Watertown, New York) (sent 2), 1 New York Plaza (sent 0)]
2026-02-20 13:13:21,744 - INFO - HTTP Request: POST http://localhost:11434/api/chat "HTTP/1.1 200 OK"
2026-02-20 13:13:32,024 - INFO - HTTP Request: POST http://localhost:11434/api/chat "HTTP/1.1 200 OK"
2026-02-20 13:13:32,026 - INFO - [MultiStage] Q123 | Stage1: [Gürzenich Orchestra Cologne (sent 3), Jannus Live (sent 4), Libuše (opera) (sent 6), IF Performance Hall (sent 0)] | RefinedQuery: 'Libuše opera first US performance venue location' | Stage2: [Libuše (opera) (sent 6), Gürzenich Orchestra Cologne (sent 3), IF Performance Hall (sent 0), Gürzenich Orchestra Cologne (sent 2)] | Final: [Gürzenich Orchestra Cologne (sent 3), Jannus Live (sent 4), Libuše (opera) (sent 6), Gürzenich Orchestra Cologne (sent 2)]
2026-02-20 13:13:34,694 - INFO - HTTP Request: POST http://localhost:11434/api/chat "HTTP/1.1 200 OK"
2026-02-20 13:13:41,279 - INFO - HTTP Request: POST http://localhost:11434/api/chat "HTTP/1.1 200 OK"
2026-02-20 13:13:41,279 - INFO - [MultiStage] Q124 | Stage1: [Alpher–Bethe–Gamow paper (sent 0), George Gamow (sent 0), N. J. Rao (sent 4), Alpher–Bethe–Gamow paper (sent 1)] | RefinedQuery: 'George Gamow advisor death' | Stage2: [George Gamow (sent 0), Gilman Paper Company (sent 6), Alpher–Bethe–Gamow paper (sent 0), Gilman Paper Company (sent 5)] | Final: [Alpher–Bethe–Gamow paper (sent 0), George Gamow (sent 0), N. J. Rao (sent 4), Gilman Paper Company (sent 6)]
2026-02-20 13:13:44,819 - INFO - HTTP Request: POST http://localhost:11434/api/chat "HTTP/1.1 200 OK"
2026-02-20 13:13:54,895 - INFO - HTTP Request: POST http://localhost:11434/api/chat "HTTP/1.1 200 OK"
2026-02-20 13:13:54,896 - INFO - [MultiStage] Q125 | Stage1: [1984 South Asian Games (sent 1), Mr. Nepal (sent 0), Julian Bolling (sent 0), 2015 Nepal Premier League (sent 1)] | RefinedQuery: 'Kathmandu competitions 1984 Julian Bolling' | Stage2: [1984 South Asian Games (sent 1), Julian Bolling (sent 0), Mr. Nepal (sent 0), Julian Bolling (sent 4)] | Final: [1984 South Asian Games (sent 1), Mr. Nepal (sent 0), Julian Bolling (sent 0), Julian Bolling (sent 4)]
2026-02-20 13:13:58,652 - INFO - HTTP Request: POST http://localhost:11434/api/chat "HTTP/1.1 200 OK"
2026-02-20 13:14:08,906 - INFO - HTTP Request: POST http://localhost:11434/api/chat "HTTP/1.1 200 OK"
2026-02-20 13:14:08,906 - INFO - [MultiStage] Q126 | Stage1: [Nike Mercurial Vapor (sent 0), Stoke City F.C. (sent 0), Stoke City F.C. in European football (sent 0), Stoke City F.C. Under-23s and Academy (sent 0)] | RefinedQuery: 'Stoke City player endorsed by Nike Mercurial Vapor national team' | Stage2: [Nike Mercurial Vapor (sent 0), Stoke City F.C. in European football (sent 0), Stoke City F.C. (sent 0), Stoke City F.C. Under-23s and Academy (sent 0)] | Final: [Nike Mercurial Vapor (sent 0), Stoke City F.C. (sent 0), Stoke City F.C. in European football (sent 0), Stoke City F.C. Under-23s and Academy (sent 0)]
2026-02-20 13:14:11,412 - INFO - HTTP Request: POST http://localhost:11434/api/chat "HTTP/1.1 200 OK"
2026-02-20 13:14:22,941 - INFO - HTTP Request: POST http://localhost:11434/api/chat "HTTP/1.1 200 OK"
2026-02-20 13:14:22,942 - INFO - [MultiStage] Q127 | Stage1: [Werner Herzog Eats His Shoe (sent 0), Portrait Werner Herzog (sent 1), Happy People: A Year in the Taiga (sent 4), La Soufrière (film) (sent 4)] | RefinedQuery: 'Life After People air date' | Stage2: [Life After People (sent 0), Life After People (sent 1), Life After People (sent 2), Happy People: A Year in the Taiga (sent 0)] | Final: [Werner Herzog Eats His Shoe (sent 0), Portrait Werner Herzog (sent 1), Happy People: A Year in the Taiga (sent 4), Life After People (sent 0)]
2026-02-20 13:14:28,127 - INFO - HTTP Request: POST http://localhost:11434/api/chat "HTTP/1.1 200 OK"
2026-02-20 13:14:37,247 - INFO - HTTP Request: POST http://localhost:11434/api/chat "HTTP/1.1 200 OK"
2026-02-20 13:14:37,247 - INFO - [MultiStage] Q128 | Stage1: [Sean Connor (sent 0), NIFL Premier Intermediate League (sent 0), Portstewart F.C. (sent 1), Donegal Celtic F.C. (sent 0)] | RefinedQuery: 'Sean Connor player history NIFL Premier Intermediate League team not Portstewart F.C. or Donegal Celtic F.C.' | Stage2: [Donegal Celtic F.C. (sent 0), Sean Connor (sent 0), Northern Ireland Football League (sent 0), Portstewart F.C. (sent 0)] | Final: [Sean Connor (sent 0), NIFL Premier Intermediate League (sent 0), Northern Ireland Football League (sent 0), Portstewart F.C. (sent 0)]
2026-02-20 13:14:40,363 - INFO - HTTP Request: POST http://localhost:11434/api/chat "HTTP/1.1 200 OK"
2026-02-20 13:14:50,291 - INFO - HTTP Request: POST http://localhost:11434/api/chat "HTTP/1.1 200 OK"
2026-02-20 13:14:50,292 - INFO - [MultiStage] Q129 | Stage1: [Jenn Brown (sent 3), Jenn Brown (sent 2), American Ninja Warrior (season 2) (sent 0), American Ninja Warrior (sent 0)] | RefinedQuery: 'american ninja warrior first female host replace jenn brown' | Stage2: [Jenn Brown (sent 0), Jenn Brown (sent 3), American Ninja Warrior (season 7) (sent 1), American Ninja Warrior (sent 0)] | Final: [Jenn Brown (sent 3), Jenn Brown (sent 0), Jenn Brown (sent 2), American Ninja Warrior (season 7) (sent 1)]
2026-02-20 13:14:54,481 - INFO - HTTP Request: POST http://localhost:11434/api/chat "HTTP/1.1 200 OK"
2026-02-20 13:15:06,799 - INFO - HTTP Request: POST http://localhost:11434/api/chat "HTTP/1.1 200 OK"
2026-02-20 13:15:06,800 - INFO - [MultiStage] Q130 | Stage1: [Bridgewater Triangle (sent 0), Bennington Triangle (sent 2), Bennington Triangle (sent 0), Cold drop (sent 1)] | RefinedQuery: 'site:en.wikipedia.org inurl:Bridgewater+Triangle phenomenon associated with folk tradition' | Stage2: [Bridgewater Triangle (sent 0), Bennington Triangle (sent 2), Bennington Triangle (sent 0), Thunderbird (cryptozoology) (sent 3)] | Final: [Bridgewater Triangle (sent 0), Bennington Triangle (sent 2), Bennington Triangle (sent 0), Cold drop (sent 1)]
2026-02-20 13:15:09,765 - INFO - HTTP Request: POST http://localhost:11434/api/chat "HTTP/1.1 200 OK"
2026-02-20 13:15:19,818 - INFO - HTTP Request: POST http://localhost:11434/api/chat "HTTP/1.1 200 OK"
2026-02-20 13:15:19,819 - INFO - [MultiStage] Q131 | Stage1: [Tinted Windows (album) (sent 0), Tinted Windows (album) (sent 1), Tinted Windows (band) (sent 0), Act of Congress (music group) (sent 2)] | RefinedQuery: 'Tinted Windows band first performance city' | Stage2: [Tinted Windows (album) (sent 0), Tinted Windows (album) (sent 1), Tinted Windows (band) (sent 0), The Delta Machine Tour (sent 3)] | Final: [Tinted Windows (album) (sent 0), Tinted Windows (album) (sent 1), Tinted Windows (band) (sent 0), Act of Congress (music group) (sent 2)]
2026-02-20 13:15:25,115 - INFO - HTTP Request: POST http://localhost:11434/api/chat "HTTP/1.1 200 OK"
2026-02-20 13:15:34,957 - INFO - HTTP Request: POST http://localhost:11434/api/chat "HTTP/1.1 200 OK"
2026-02-20 13:15:34,958 - INFO - [MultiStage] Q132 | Stage1: [Donald Swain Lewis (sent 1), Army &amp; Navy Stores (United Kingdom) (sent 2), Beatties (sent 1), Army &amp; Navy Stores (United Kingdom) (sent 0)] | RefinedQuery: 'In the 1970s, which group acquired this department store group in the United Kingdom whose co-founding director is the father of Lieutenant Colonel Donald Swain Lewis?' | Stage2: [Donald Swain Lewis (sent 1), Army &amp; Navy Stores (United Kingdom) (sent 2), Beatties (sent 1), Army &amp; Navy Stores (United Kingdom) (sent 0)] | Final: [Donald Swain Lewis (sent 1), Army &amp; Navy Stores (United Kingdom) (sent 2), Beatties (sent 1), Army &amp; Navy Stores (United Kingdom) (sent 0)]
2026-02-20 13:15:37,905 - INFO - HTTP Request: POST http://localhost:11434/api/chat "HTTP/1.1 200 OK"
2026-02-20 13:15:47,303 - INFO - HTTP Request: POST http://localhost:11434/api/chat "HTTP/1.1 200 OK"
2026-02-20 13:15:47,304 - INFO - [MultiStage] Q133 | Stage1: [Dogwoman (sent 0), Dogwoman (sent 1), Izara Aishah (sent 1), Tiz Zaqyah (sent 1)] | RefinedQuery: 'Izara Aishah birth year' | Stage2: [Izara Aishah (sent 0), Tiz Zaqyah (sent 2), Tiz Zaqyah (sent 0), Tiz Zaqyah (sent 3)] | Final: [Izara Aishah (sent 0), Dogwoman (sent 0), Dogwoman (sent 1), Izara Aishah (sent 1)]
2026-02-20 13:15:50,630 - INFO - HTTP Request: POST http://localhost:11434/api/chat "HTTP/1.1 200 OK"
2026-02-20 13:15:59,918 - INFO - HTTP Request: POST http://localhost:11434/api/chat "HTTP/1.1 200 OK"
2026-02-20 13:15:59,919 - INFO - [MultiStage] Q134 | Stage1: [Ginger Zee (sent 0), Ginger Zee (sent 2), Rob Marciano (sent 1), Ginger Zee (sent 1)] | RefinedQuery: ' meteorologist who fills in for Ginger Zee's replacement' | Stage2: [Ginger Zee (sent 0), Rob Marciano (sent 1), Ginger Zee (sent 2), Ginger Zee (sent 1)] | Final: [Ginger Zee (sent 0), Ginger Zee (sent 2), Rob Marciano (sent 1), Ginger Zee (sent 1)]
2026-02-20 13:16:03,765 - INFO - HTTP Request: POST http://localhost:11434/api/chat "HTTP/1.1 200 OK"
2026-02-20 13:16:14,322 - INFO - HTTP Request: POST http://localhost:11434/api/chat "HTTP/1.1 200 OK"
2026-02-20 13:16:14,322 - INFO - [MultiStage] Q135 | Stage1: [Damnation (sent 1), Ancient Egyptian religion (sent 3), Ancient Egyptian deities (sent 3), Ancient Egyptian deities (sent 2)] | RefinedQuery: 'Ancient Egyptian afterlife weighing of souls in lake of fire torment' | Stage2: [Osiris myth (sent 6), Pyramid Texts (sent 4), Osiris myth (sent 7), Ancient Egyptian deities (sent 2)] | Final: [Damnation (sent 1), Osiris myth (sent 6), Ancient Egyptian religion (sent 3), Ancient Egyptian deities (sent 3)]
2026-02-20 13:16:17,881 - INFO - HTTP Request: POST http://localhost:11434/api/chat "HTTP/1.1 200 OK"
2026-02-20 13:16:27,621 - INFO - HTTP Request: POST http://localhost:11434/api/chat "HTTP/1.1 200 OK"
2026-02-20 13:16:27,621 - INFO - [MultiStage] Q136 | Stage1: [Bancroft Shed (sent 2), Kirk Deighton (sent 2), Anglican Diocese of Leeds (sent 2), Barnoldswick (sent 1)] | RefinedQuery: 'Barnoldswick Lancashire mill location near North Yorkshire county border' | Stage2: [Paythorne (sent 3), Barnoldswick (sent 0), Tosside (sent 1), Bancroft Shed (sent 0)] | Final: [Paythorne (sent 3), Barnoldswick (sent 0), Bancroft Shed (sent 2), Kirk Deighton (sent 2)]
2026-02-20 13:16:30,393 - INFO - HTTP Request: POST http://localhost:11434/api/chat "HTTP/1.1 200 OK"
2026-02-20 13:16:41,063 - INFO - HTTP Request: POST http://localhost:11434/api/chat "HTTP/1.1 200 OK"
2026-02-20 13:16:41,065 - INFO - [MultiStage] Q137 | Stage1: [The Prodigal Daughter (sent 0), What's So Amazing About Grace? (sent 5), The Prodigal Judge (sent 0), Ezekiel 16 (sent 2)] | RefinedQuery: 'author of The Prodigal Daughter' | Stage2: [The Prodigal Daughter (sent 0), Ezekiel 16 (sent 2), What's So Amazing About Grace? (sent 5), Prodigal Daughter (Star Trek: Deep Space Nine) (sent 0)] | Final: [The Prodigal Daughter (sent 0), Prodigal Daughter (Star Trek: Deep Space Nine) (sent 0), What's So Amazing About Grace? (sent 5), The Prodigal Judge (sent 0)]
2026-02-20 13:16:43,846 - INFO - HTTP Request: POST http://localhost:11434/api/chat "HTTP/1.1 200 OK"
2026-02-20 13:16:59,558 - INFO - HTTP Request: POST http://localhost:11434/api/chat "HTTP/1.1 200 OK"
2026-02-20 13:16:59,559 - INFO - [MultiStage] Q138 | Stage1: [Washington State Route 160 (sent 0), Ohio State Route 160 (sent 0), Virginia State Route 160 (sent 0), Maine State Route 160 (sent 0)] | RefinedQuery: 'Washington State Route 160 starting height' | Stage2: [Washington State Route 160 (sent 0), Virginia State Route 160 (sent 0), California State Route 104 (sent 3), Ohio State Route 160 (sent 0)] | Final: [Washington State Route 160 (sent 0), Ohio State Route 160 (sent 0), Virginia State Route 160 (sent 0), Maine State Route 160 (sent 0)]
2026-02-20 13:17:03,540 - INFO - HTTP Request: POST http://localhost:11434/api/chat "HTTP/1.1 200 OK"
2026-02-20 13:17:15,056 - INFO - HTTP Request: POST http://localhost:11434/api/chat "HTTP/1.1 200 OK"
2026-02-20 13:17:20,264 - INFO - HTTP Request: POST http://localhost:11434/api/chat "HTTP/1.1 200 OK"
2026-02-20 13:17:34,012 - INFO - HTTP Request: POST http://localhost:11434/api/chat "HTTP/1.1 200 OK"
2026-02-20 13:17:34,013 - INFO - [MultiStage] Q140 | Stage1: [Robin Hood (Once Upon a Time) (sent 0), Gary Bleasdale (sent 5), Alan Wheatley (sent 1), List of Alyas Robin Hood episodes (sent 0)] | RefinedQuery: 'actor who replaced gary bleasdale in once upon a time 2012 season 1 robin hood role' | Stage2: [Robin Hood (Once Upon a Time) (sent 0), Gary Bleasdale (sent 5), Alan Wheatley (sent 1), List of Alyas Robin Hood episodes (sent 0)] | Final: [Robin Hood (Once Upon a Time) (sent 0), Gary Bleasdale (sent 5), Alan Wheatley (sent 1), List of Alyas Robin Hood episodes (sent 0)]
2026-02-20 13:17:37,712 - INFO - HTTP Request: POST http://localhost:11434/api/chat "HTTP/1.1 200 OK"
2026-02-20 13:17:49,718 - INFO - HTTP Request: POST http://localhost:11434/api/chat "HTTP/1.1 200 OK"
2026-02-20 13:17:49,719 - INFO - [MultiStage] Q141 | Stage1: [Honda H Engine (sent 0), Honda K engine (sent 0), Honda B engine (sent 4), Honda B engine (sent 0)] | RefinedQuery: 'when was the honda k and h engines introduced' | Stage2: [Honda K engine (sent 0), Honda H Engine (sent 0), Honda H Engine (sent 2), Honda H Engine (sent 1)] | Final: [Honda H Engine (sent 0), Honda K engine (sent 0), Honda B engine (sent 4), Honda B engine (sent 0)]
2026-02-20 13:17:54,583 - INFO - HTTP Request: POST http://localhost:11434/api/chat "HTTP/1.1 200 OK"
2026-02-20 13:18:09,359 - INFO - HTTP Request: POST http://localhost:11434/api/chat "HTTP/1.1 200 OK"
2026-02-20 13:18:09,360 - INFO - [MultiStage] Q142 | Stage1: [Jackass: The Movie (sent 2), Paramount Famous Productions (sent 1), Beneath (2007 film) (sent 4), Paramount Vantage (sent 0)] | RefinedQuery: 'film dedicated to jackass movie paramount classics mtv films co-purchased rights' | Stage2: [Jackass: The Movie (sent 2), Jackass: The Movie (sent 0), Jackass: The Movie (sent 1), Beneath (2007 film) (sent 4)] | Final: [Jackass: The Movie (sent 2), Paramount Famous Productions (sent 1), Beneath (2007 film) (sent 4), Paramount Vantage (sent 0)]
2026-02-20 13:18:12,564 - INFO - HTTP Request: POST http://localhost:11434/api/chat "HTTP/1.1 200 OK"
2026-02-20 13:18:21,117 - INFO - HTTP Request: POST http://localhost:11434/api/chat "HTTP/1.1 200 OK"
2026-02-20 13:18:21,118 - INFO - [MultiStage] Q143 | Stage1: [Hawaiian Cottage (sent 0), Luau (sent 1), Hawaiian Cottage (sent 4), Raw bar (sent 4)] | RefinedQuery: 'Hawaiian food served at a luau' | Stage2: [Luau (sent 0), Luau (sent 1), Hawaiian Cottage (sent 4), Luau (sent 2)] | Final: [Luau (sent 0), Hawaiian Cottage (sent 0), Luau (sent 2), Luau (sent 1)]
2026-02-20 13:18:25,544 - INFO - HTTP Request: POST http://localhost:11434/api/chat "HTTP/1.1 200 OK"
2026-02-20 13:18:36,846 - INFO - HTTP Request: POST http://localhost:11434/api/chat "HTTP/1.1 200 OK"
2026-02-20 13:18:36,849 - INFO - [MultiStage] Q144 | Stage1: [2006 South Carolina Gamecocks football team (sent 0), 2007 South Carolina Gamecocks football team (sent 0), 2007 South Carolina Gamecocks football team (sent 1), 2005 South Carolina Gamecocks football team (sent 1)] | RefinedQuery: 'birth year of Steve Spurrier in his third season as USC head coach in 2007' | Stage2: [2010 South Carolina Gamecocks football team (sent 1), Steve Spurrier (sent 0), 2007 South Carolina Gamecocks football team (sent 1), 2006 South Carolina Gamecocks football team (sent 1)] | Final: [2010 South Carolina Gamecocks football team (sent 1), 2006 South Carolina Gamecocks football team (sent 0), 2007 South Carolina Gamecocks football team (sent 0), 2007 South Carolina Gamecocks football team (sent 1)]
2026-02-20 13:18:40,564 - INFO - HTTP Request: POST http://localhost:11434/api/chat "HTTP/1.1 200 OK"
2026-02-20 13:18:52,209 - INFO - HTTP Request: POST http://localhost:11434/api/chat "HTTP/1.1 200 OK"
2026-02-20 13:18:52,210 - INFO - [MultiStage] Q145 | Stage1: [Travis Mays (sent 0), 2012–13 TCU Horned Frogs men's basketball team (sent 2), Nebraska–Oklahoma football rivalry (sent 3), Nebraska–Oklahoma football rivalry (sent 4)] | RefinedQuery: 'Travis Cortez Mays player history Big 12 Conference team' | Stage2: [Travis Mays (sent 0), Travis Mays (sent 1), 2012–13 TCU Horned Frogs men's basketball team (sent 2), Nebraska–Oklahoma football rivalry (sent 4)] | Final: [Travis Mays (sent 0), 2012–13 TCU Horned Frogs men's basketball team (sent 2), Nebraska–Oklahoma football rivalry (sent 3), Nebraska–Oklahoma football rivalry (sent 4)]
2026-02-20 13:18:54,863 - INFO - HTTP Request: POST http://localhost:11434/api/chat "HTTP/1.1 200 OK"
2026-02-20 13:19:05,270 - INFO - HTTP Request: POST http://localhost:11434/api/chat "HTTP/1.1 200 OK"
2026-02-20 13:19:05,270 - INFO - [MultiStage] Q146 | Stage1: [Naked Soldier (sent 1), Naked Weapon (sent 0), The Naked Gun 2½: The Smell of Fear (sent 1), Naked Soldier (sent 0)] | RefinedQuery: 'The Naked series movies in order' | Stage2: [Naked Soldier (sent 1), Naked City (TV series) (sent 2), Naked City (TV series) (sent 0), The Naked Gun 2½: The Smell of Fear (sent 1)] | Final: [Naked Soldier (sent 1), Naked Weapon (sent 0), The Naked Gun 2½: The Smell of Fear (sent 1), Naked Soldier (sent 0)]
2026-02-20 13:19:08,553 - INFO - HTTP Request: POST http://localhost:11434/api/chat "HTTP/1.1 200 OK"
2026-02-20 13:19:21,211 - INFO - HTTP Request: POST http://localhost:11434/api/chat "HTTP/1.1 200 OK"
2026-02-20 13:19:21,212 - INFO - [MultiStage] Q147 | Stage1: [Equus (play) (sent 0), The Pad and How to Use It (sent 1), Equus (film) (sent 0), Doris Abrahams (sent 0)] | RefinedQuery: 'David Hersey award for Equus by Peter Shaffer' | Stage2: [Equus (play) (sent 0), Equus (film) (sent 0), Doris Abrahams (sent 0), David Hersey (sent 1)] | Final: [Equus (play) (sent 0), The Pad and How to Use It (sent 1), Equus (film) (sent 0), Doris Abrahams (sent 0)]
2026-02-20 13:19:24,179 - INFO - HTTP Request: POST http://localhost:11434/api/chat "HTTP/1.1 200 OK"
2026-02-20 13:19:33,460 - INFO - HTTP Request: POST http://localhost:11434/api/chat "HTTP/1.1 200 OK"
2026-02-20 13:19:33,462 - INFO - [MultiStage] Q148 | Stage1: [Colomac Mine (sent 3), Colomac Mine (sent 1), Kemess Mine (sent 1), Thutade Lake (sent 4)] | RefinedQuery: 'Royal Oak Mines site:en.wikipedia.org' | Stage2: [Colomac Mine (sent 3), Kemess Mine (sent 1), Colomac Mine (sent 4), Thutade Lake (sent 4)] | Final: [Colomac Mine (sent 3), Colomac Mine (sent 1), Kemess Mine (sent 1), Colomac Mine (sent 4)]
2026-02-20 13:19:37,984 - INFO - HTTP Request: POST http://localhost:11434/api/chat "HTTP/1.1 200 OK"
2026-02-20 13:19:52,613 - INFO - HTTP Request: POST http://localhost:11434/api/chat "HTTP/1.1 200 OK"
2026-02-20 13:19:52,614 - INFO - [MultiStage] Q149 | Stage1: [Miracle of the White Stallions (sent 0), Philip Abbott (sent 0), The Man from Snowy River (TV series) (sent 1), The Man from Snowy River II (sent 0)] | RefinedQuery: 'filming locations of The Man from Snowy River II and Miracle of the White Stallions' | Stage2: [Miracle of the White Stallions (sent 0), Philip Abbott (sent 0), The Man from Snowy River II (sent 0), Return to Snowy River (sent 0)] | Final: [Miracle of the White Stallions (sent 0), Philip Abbott (sent 0), The Man from Snowy River (TV series) (sent 1), Return to Snowy River (sent 0)]
2026-02-20 13:19:55,951 - INFO - HTTP Request: POST http://localhost:11434/api/chat "HTTP/1.1 200 OK"
2026-02-20 13:20:05,217 - INFO - HTTP Request: POST http://localhost:11434/api/chat "HTTP/1.1 200 OK"
2026-02-20 13:20:05,217 - INFO - [MultiStage] Q150 | Stage1: [Lush (band) (sent 0), The Chemistry Set (American band) (sent 1), P.O.D. (sent 1), Weezer (2008 album) (sent 3)] | RefinedQuery: 'Lush band members and P.O.D. band members' | Stage2: [Lush (band) (sent 0), The Chemistry Set (American band) (sent 1), P.O.D. (sent 1), Lush (band) (sent 1)] | Final: [Lush (band) (sent 0), The Chemistry Set (American band) (sent 1), P.O.D. (sent 1), Weezer (2008 album) (sent 3)]
2026-02-20 13:20:09,281 - INFO - HTTP Request: POST http://localhost:11434/api/chat "HTTP/1.1 200 OK"
2026-02-20 13:20:22,103 - INFO - HTTP Request: POST http://localhost:11434/api/chat "HTTP/1.1 200 OK"
2026-02-20 13:20:22,103 - INFO - [MultiStage] Q151 | Stage1: [Christopher Rich (actor) (sent 0), Jennifer Ventimilia (sent 2), Johnny Brown (actor) (sent 1), Doug Dale (sent 2)] | RefinedQuery: 'Murphy Brown cast member who also acted in a show with Steve Howey' | Stage2: [Christopher Rich (actor) (sent 0), Johnny Brown (actor) (sent 1), Jennifer Ventimilia (sent 2), Doug Dale (sent 2)] | Final: [Christopher Rich (actor) (sent 0), Jennifer Ventimilia (sent 2), Johnny Brown (actor) (sent 1), Doug Dale (sent 2)]
2026-02-20 13:20:25,012 - INFO - HTTP Request: POST http://localhost:11434/api/chat "HTTP/1.1 200 OK"
2026-02-20 13:20:38,305 - INFO - HTTP Request: POST http://localhost:11434/api/chat "HTTP/1.1 200 OK"
2026-02-20 13:20:38,307 - INFO - [MultiStage] Q152 | Stage1: [Playford B Power Station (sent 0), Playford A Power Station (sent 2), Playford A Power Station (sent 0), Playford B Power Station (sent 4)] | RefinedQuery: 'playford b power station permanent closure year' | Stage2: [Playford B Power Station (sent 4), Playford A Power Station (sent 2), Rugeley power stations (sent 2), Playford B Power Station (sent 0)] | Final: [Playford B Power Station (sent 0), Playford A Power Station (sent 2), Playford A Power Station (sent 0), Playford B Power Station (sent 4)]
2026-02-20 13:20:43,428 - INFO - HTTP Request: POST http://localhost:11434/api/chat "HTTP/1.1 200 OK"
2026-02-20 13:20:55,735 - INFO - HTTP Request: POST http://localhost:11434/api/chat "HTTP/1.1 200 OK"
2026-02-20 13:20:55,735 - INFO - [MultiStage] Q153 | Stage1: [The Scarlet Letter (1995 film) (sent 0), The Scarlet Letter (1995 film) (sent 2), The Scarlet Letter (1922 film) (sent 0), Streak (film) (sent 1)] | RefinedQuery: 'English actor starred in The Scarlet Letter 1995 Demi Moore Robert Duvall' | Stage2: [The Scarlet Letter (1995 film) (sent 0), The Scarlet Letter (1995 film) (sent 2), Streak (film) (sent 1), Robert Duvall filmography (sent 0)] | Final: [The Scarlet Letter (1995 film) (sent 0), The Scarlet Letter (1995 film) (sent 2), The Scarlet Letter (1922 film) (sent 0), Streak (film) (sent 1)]
2026-02-20 13:20:59,780 - INFO - HTTP Request: POST http://localhost:11434/api/chat "HTTP/1.1 200 OK"
2026-02-20 13:21:11,227 - INFO - HTTP Request: POST http://localhost:11434/api/chat "HTTP/1.1 200 OK"
2026-02-20 13:21:11,228 - INFO - [MultiStage] Q154 | Stage1: [Andrei Olhovskiy (sent 0), Emilio Sánchez (sent 0), Andrei Pavel (sent 0), Emilio Sánchez (sent 4)] | RefinedQuery: 'Emilio Sánchez birthdate vs. Andrei Olhovskiy birthdate' | Stage2: [1986 Swedish Open (sent 2), 1990 Estoril Open (sent 3), Andrei Olhovskiy (sent 0), 1991 Torneo Godó (sent 1)] | Final: [Andrei Olhovskiy (sent 0), Emilio Sánchez (sent 0), Andrei Pavel (sent 0), 1986 Swedish Open (sent 2)]
2026-02-20 13:21:15,773 - INFO - HTTP Request: POST http://localhost:11434/api/chat "HTTP/1.1 200 OK"
2026-02-20 13:21:26,711 - INFO - HTTP Request: POST http://localhost:11434/api/chat "HTTP/1.1 200 OK"
2026-02-20 13:21:26,711 - INFO - [MultiStage] Q155 | Stage1: [Henderson Executive Airport (sent 0), Henderson Executive Airport (sent 1), McCarran International Airport (sent 2), Henderson Executive Airport (sent 3)] | RefinedQuery: 'Henderson Executive Airport name origin Clark County reliever airport McCarran International Airport owner politician' | Stage2: [Henderson Executive Airport (sent 1), McCarran International Airport (sent 2), Henderson Executive Airport (sent 3), Raleigh Executive Jetport (sent 1)] | Final: [Henderson Executive Airport (sent 0), Henderson Executive Airport (sent 1), McCarran International Airport (sent 2), Henderson Executive Airport (sent 3)]
2026-02-20 13:21:29,527 - INFO - HTTP Request: POST http://localhost:11434/api/chat "HTTP/1.1 200 OK"
2026-02-20 13:21:36,375 - INFO - HTTP Request: POST http://localhost:11434/api/chat "HTTP/1.1 200 OK"
2026-02-20 13:21:36,376 - INFO - [MultiStage] Q156 | Stage1: [Henderson Point, Mississippi (sent 0), Henderson County, Kentucky (sent 2), Hendersonville, North Carolina (sent 2), Paulding, Mississippi (sent 1)] | RefinedQuery: 'Henderson Point Mississippi county seat' | Stage2: [Henderson Point, Mississippi (sent 0), Henderson County, Kentucky (sent 2), Hendersonville, North Carolina (sent 2), Henderson, Texas (sent 0)] | Final: [Henderson Point, Mississippi (sent 0), Henderson County, Kentucky (sent 2), Hendersonville, North Carolina (sent 2), Paulding, Mississippi (sent 1)]
2026-02-20 13:21:40,459 - INFO - HTTP Request: POST http://localhost:11434/api/chat "HTTP/1.1 200 OK"
2026-02-20 13:21:49,772 - INFO - HTTP Request: POST http://localhost:11434/api/chat "HTTP/1.1 200 OK"
2026-02-20 13:21:49,773 - INFO - [MultiStage] Q157 | Stage1: [Gloria Burgle (sent 1), The Keeping Hours (sent 1), Carrie Coon (sent 3), Carrie Coon (sent 0)] | RefinedQuery: 'Carrie Coon film set in what state 2014 Margo Dunne' | Stage2: [The Keeping Hours (sent 1), Gloria Burgle (sent 1), Carrie Coon (sent 0), Carrie Coon (sent 3)] | Final: [Gloria Burgle (sent 1), The Keeping Hours (sent 1), Carrie Coon (sent 3), Carrie Coon (sent 0)]
2026-02-20 13:21:52,687 - INFO - HTTP Request: POST http://localhost:11434/api/chat "HTTP/1.1 200 OK"
2026-02-20 13:22:07,955 - INFO - HTTP Request: POST http://localhost:11434/api/chat "HTTP/1.1 200 OK"
2026-02-20 13:22:07,955 - INFO - [MultiStage] Q158 | Stage1: [Spider-Man in film (sent 0), Spider-Man (2002 video game) (sent 0), Lego Spider-Man (sent 0), Spider-Man 2 (sent 2)] | RefinedQuery: 'Spider-Man common traits with movie counterpart' | Stage2: [Spider-Man in film (sent 0), Spider-Man 2 (sent 2), Spider-Man in film (sent 1), Spider-Man 3 (sent 4)] | Final: [Spider-Man in film (sent 1), Spider-Man 3 (sent 4), Spider-Man in film (sent 0), Spider-Man (2002 video game) (sent 0)]
2026-02-20 13:22:10,918 - INFO - HTTP Request: POST http://localhost:11434/api/chat "HTTP/1.1 200 OK"
2026-02-20 13:22:20,677 - INFO - HTTP Request: POST http://localhost:11434/api/chat "HTTP/1.1 200 OK"
2026-02-20 13:22:20,677 - INFO - [MultiStage] Q159 | Stage1: [List of Scaevola species (sent 0), Sonerila (sent 0), Scaevola hookeri (sent 5), Scaevola (plant) (sent 0)] | RefinedQuery: 'Sonera vs Scaevola species count' | Stage2: [List of Scaevola species (sent 0), Scaevola hookeri (sent 5), Scaevola (plant) (sent 0), Goodeniaceae (sent 2)] | Final: [List of Scaevola species (sent 0), Sonerila (sent 0), Scaevola hookeri (sent 5), Scaevola (plant) (sent 0)]
2026-02-20 13:22:24,050 - INFO - HTTP Request: POST http://localhost:11434/api/chat "HTTP/1.1 200 OK"
2026-02-20 13:22:35,173 - INFO - HTTP Request: POST http://localhost:11434/api/chat "HTTP/1.1 200 OK"
2026-02-20 13:22:35,174 - INFO - [MultiStage] Q160 | Stage1: [Johan Henrik Deuntzer (sent 0), Cabinet of Deuntzer (sent 0), Danish Social Liberal Party (sent 0), Cabinet of Deuntzer (sent 1)] | RefinedQuery: 'Johan Henrik Deuntzer party before Radical Left Denmark' | Stage2: [Johan Henrik Deuntzer (sent 0), Cabinet of Deuntzer (sent 0), Johan Henrik Deuntzer (sent 1), Danish Social Liberal Party (sent 0)] | Final: [Johan Henrik Deuntzer (sent 0), Johan Henrik Deuntzer (sent 1), Cabinet of Deuntzer (sent 0), Danish Social Liberal Party (sent 0)]
2026-02-20 13:22:37,742 - INFO - HTTP Request: POST http://localhost:11434/api/chat "HTTP/1.1 200 OK"
2026-02-20 13:22:49,121 - INFO - HTTP Request: POST http://localhost:11434/api/chat "HTTP/1.1 200 OK"
2026-02-20 13:22:49,122 - INFO - [MultiStage] Q161 | Stage1: [127 Hours (sent 0), List of accolades received by 127 Hours (sent 0), Treehouse of Horror XXII (sent 4), List of accolades received by 127 Hours (sent 2)] | RefinedQuery: 'James Franco filmography' | Stage2: [James Franco (sent 0), 127 Hours (sent 1), James Franco (sent 1), List of accolades received by 127 Hours (sent 1)] | Final: [James Franco (sent 0), 127 Hours (sent 0), List of accolades received by 127 Hours (sent 0), Treehouse of Horror XXII (sent 4)]
2026-02-20 13:22:53,884 - INFO - HTTP Request: POST http://localhost:11434/api/chat "HTTP/1.1 200 OK"
2026-02-20 13:23:03,894 - INFO - HTTP Request: POST http://localhost:11434/api/chat "HTTP/1.1 200 OK"
2026-02-20 13:23:03,894 - INFO - [MultiStage] Q162 | Stage1: [Three Sisters (play) (sent 0), Maria Chekhova (sent 0), The Cherry Orchard (sent 0), Jessica Chastain (sent 5)] | RefinedQuery: 'school attended by actress signed for talent holding deal with Michelle Williams in play based on Chekhov's work' | Stage2: [Jessica Chastain (sent 3), Jessica Chastain on screen and stage (sent 1), Jessica Chastain (sent 5), Maria Chekhova (sent 0)] | Final: [Three Sisters (play) (sent 0), Maria Chekhova (sent 0), The Cherry Orchard (sent 0), Jessica Chastain (sent 3)]
2026-02-20 13:23:07,126 - INFO - HTTP Request: POST http://localhost:11434/api/chat "HTTP/1.1 200 OK"
2026-02-20 13:23:18,628 - INFO - HTTP Request: POST http://localhost:11434/api/chat "HTTP/1.1 200 OK"
2026-02-20 13:23:18,629 - INFO - [MultiStage] Q163 | Stage1: [Gaddafi Stadium (sent 0), Lahore Eagles (sent 0), Subiaco Oval (sent 1), Lahore Eagles (sent 1)] | RefinedQuery: 'capacity of Gaddafi Stadium home ground of Lahore Eagles' | Stage2: [Gaddafi Stadium (sent 0), Lahore Eagles (sent 1), Gaddafi Stadium (sent 3), Lahore Eagles (sent 0)] | Final: [Gaddafi Stadium (sent 3), Gaddafi Stadium (sent 0), Lahore Eagles (sent 0), Subiaco Oval (sent 1)]
2026-02-20 13:23:22,339 - INFO - HTTP Request: POST http://localhost:11434/api/chat "HTTP/1.1 200 OK"
2026-02-20 13:23:36,197 - INFO - HTTP Request: POST http://localhost:11434/api/chat "HTTP/1.1 200 OK"
2026-02-20 13:23:36,198 - INFO - [MultiStage] Q164 | Stage1: [St Dionis Backchurch (sent 0), List of Christopher Wren churches in London (sent 1), Great Fire of London (sent 3), Archdeaconry of St Andrews (sent 3)] | RefinedQuery: 'How many parish churches were consumed by the Great Fire of London?' | Stage2: [List of Christopher Wren churches in London (sent 0), Great Fire of London (sent 0), Great Fire of London (sent 1), List of Christopher Wren churches in London (sent 2)] | Final: [List of Christopher Wren churches in London (sent 0), St Dionis Backchurch (sent 0), Great Fire of London (sent 0), List of Christopher Wren churches in London (sent 1)]
2026-02-20 13:23:40,970 - INFO - HTTP Request: POST http://localhost:11434/api/chat "HTTP/1.1 200 OK"
2026-02-20 13:23:47,285 - INFO - HTTP Request: POST http://localhost:11434/api/chat "HTTP/1.1 200 OK"
2026-02-20 13:23:47,285 - INFO - [MultiStage] Q165 | Stage1: [Steven Mackintosh (sent 1), Alan Ford (actor) (sent 1), Del Synnott (sent 2), Stephen Marcus (sent 0)] | RefinedQuery: 'British actor born in 1965 and star of Lock, Stock and Two Smoking Barrels career before acting' | Stage2: [Steven Mackintosh (sent 1), Alan Ford (actor) (sent 1), Del Synnott (sent 2), Stephen Marcus (sent 0)] | Final: [Steven Mackintosh (sent 1), Alan Ford (actor) (sent 1), Del Synnott (sent 2), Stephen Marcus (sent 0)]
2026-02-20 13:23:49,974 - INFO - HTTP Request: POST http://localhost:11434/api/chat "HTTP/1.1 200 OK"
2026-02-20 13:24:02,929 - INFO - HTTP Request: POST http://localhost:11434/api/chat "HTTP/1.1 200 OK"
2026-02-20 13:24:02,929 - INFO - [MultiStage] Q166 | Stage1: [Curt Menefee (sent 0), Michael Strahan (sent 0), Curt Menefee (sent 1), Michael Strahan (sent 3)] | RefinedQuery: 'Michael Strahan NFL team' | Stage2: [Michael Strahan (sent 0), Michael Strahan (sent 2), Michael Strahan (sent 1), Curt Menefee (sent 0)] | Final: [Curt Menefee (sent 0), Michael Strahan (sent 0), Curt Menefee (sent 1), Michael Strahan (sent 3)]
2026-02-20 13:24:06,293 - INFO - HTTP Request: POST http://localhost:11434/api/chat "HTTP/1.1 200 OK"
2026-02-20 13:24:16,155 - INFO - HTTP Request: POST http://localhost:11434/api/chat "HTTP/1.1 200 OK"
2026-02-20 13:24:16,155 - INFO - [MultiStage] Q167 | Stage1: [Lake Wales Ridge National Wildlife Refuge (sent 0), Florida scrub (sent 5), Medicine Lake National Wildlife Refuge (sent 0), Medicine Lake National Wildlife Refuge (sent 1)] | RefinedQuery: 'Lake Wales Ridge National Wildlife Refuge location Polk county Florida' | Stage2: [Lake Wales Ridge National Wildlife Refuge (sent 0), Florida scrub (sent 5), Medicine Lake National Wildlife Refuge (sent 0), Medicine Lake National Wildlife Refuge (sent 1)] | Final: [Lake Wales Ridge National Wildlife Refuge (sent 0), Florida scrub (sent 5), Medicine Lake National Wildlife Refuge (sent 0), Medicine Lake National Wildlife Refuge (sent 1)]
2026-02-20 13:24:19,391 - INFO - HTTP Request: POST http://localhost:11434/api/chat "HTTP/1.1 200 OK"
2026-02-20 13:24:29,407 - INFO - HTTP Request: POST http://localhost:11434/api/chat "HTTP/1.1 200 OK"
2026-02-20 13:24:29,408 - INFO - [MultiStage] Q168 | Stage1: [Sinclair Hill (sent 0), Robert Z. Leonard (sent 0), When Ladies Meet (1941 film) (sent 2), Sinclair Hill (sent 2)] | RefinedQuery: 'film directors Robert Z. Leonard and Sinclair Hill birthdate' | Stage2: [Sinclair Hill (sent 0), Robert Z. Leonard (sent 0), Sinclair Hill (sent 2), When Ladies Meet (1941 film) (sent 2)] | Final: [Sinclair Hill (sent 0), Robert Z. Leonard (sent 0), When Ladies Meet (1941 film) (sent 2), Sinclair Hill (sent 2)]
2026-02-20 13:24:34,581 - INFO - HTTP Request: POST http://localhost:11434/api/chat "HTTP/1.1 200 OK"
2026-02-20 13:24:47,848 - INFO - HTTP Request: POST http://localhost:11434/api/chat "HTTP/1.1 200 OK"
2026-02-20 13:24:47,849 - INFO - [MultiStage] Q169 | Stage1: [Caistor (sent 2), Wolds Top (sent 1), Normanby le Wold (sent 1), Biscathorpe (sent 1)] | RefinedQuery: 'What city is between Normanby le Wold and the A46 Junction between Lincoln and Grimsby?' | Stage2: [Caistor (sent 2), Wolds Top (sent 1), Normanby le Wold (sent 1), Biscathorpe (sent 1)] | Final: [Caistor (sent 2), Wolds Top (sent 1), Normanby le Wold (sent 1), Biscathorpe (sent 1)]
2026-02-20 13:24:52,300 - INFO - HTTP Request: POST http://localhost:11434/api/chat "HTTP/1.1 200 OK"
2026-02-20 13:25:01,742 - INFO - HTTP Request: POST http://localhost:11434/api/chat "HTTP/1.1 200 OK"
2026-02-20 13:25:01,743 - INFO - [MultiStage] Q170 | Stage1: [Milo Parker (sent 0), Mr. Holmes (sent 1), The Mighty Celt (sent 1), The Mighty Celt (sent 3)] | RefinedQuery: 'title:milo parker movie with gillian anderson 2014 site:imdb.com' | Stage2: [Milo Parker (sent 0), Mr. Holmes (sent 1), The Mighty Celt (sent 4), The Mighty Celt (sent 1)] | Final: [Milo Parker (sent 0), Mr. Holmes (sent 1), The Mighty Celt (sent 1), The Mighty Celt (sent 4)]
2026-02-20 13:25:04,332 - INFO - HTTP Request: POST http://localhost:11434/api/chat "HTTP/1.1 200 OK"
2026-02-20 13:25:17,528 - INFO - HTTP Request: POST http://localhost:11434/api/chat "HTTP/1.1 200 OK"
2026-02-20 13:25:17,528 - INFO - [MultiStage] Q171 | Stage1: [The Lady Craved Excitement (sent 0), Francis Searle (sent 2), Forget Me Not Farm (sent 2), Francis Searle (sent 1)] | RefinedQuery: 'Francis Searle nationality' | Stage2: [Francis Searle (sent 0), Terence Morgan (sent 1), Terence Morgan (sent 0), Terence Morgan (sent 2)] | Final: [Francis Searle (sent 0), The Lady Craved Excitement (sent 0), Francis Searle (sent 2), Forget Me Not Farm (sent 2)]
2026-02-20 13:25:20,951 - INFO - HTTP Request: POST http://localhost:11434/api/chat "HTTP/1.1 200 OK"
2026-02-20 13:25:32,461 - INFO - HTTP Request: POST http://localhost:11434/api/chat "HTTP/1.1 200 OK"
2026-02-20 13:25:32,461 - INFO - [MultiStage] Q172 | Stage1: [Taylor Swift (album) (sent 0), Our Song (Taylor Swift song) (sent 2), Picture to Burn (sent 2), Fearless (Taylor Swift song) (sent 3)] | RefinedQuery: 'release date of Taylor Swift album containing Ready for It?' | Stage2: [Taylor Swift (album) (sent 0), Our Song (Taylor Swift song) (sent 2), Picture to Burn (sent 2), Beautiful Eyes (sent 3)] | Final: [Taylor Swift (album) (sent 0), Our Song (Taylor Swift song) (sent 2), Picture to Burn (sent 2), Beautiful Eyes (sent 3)]
2026-02-20 13:25:36,639 - INFO - HTTP Request: POST http://localhost:11434/api/chat "HTTP/1.1 200 OK"
2026-02-20 13:25:49,716 - INFO - HTTP Request: POST http://localhost:11434/api/chat "HTTP/1.1 200 OK"
2026-02-20 13:25:49,781 - INFO - [MultiStage] Q173 | Stage1: [Jal Pari (TV series) (sent 0), Jal Pari (album) (sent 0), Mermaid (sent 3), Sarmad Abdul Ghafoor (sent 3)] | RefinedQuery: 'Jal Pari legendary creature associated with floods storms shipwrecks and drownings' | Stage2: [Jal Pari (album) (sent 0), Jal Pari (TV series) (sent 0), Mermaid (sent 3), Mermaid (sent 0)] | Final: [Jal Pari (TV series) (sent 0), Jal Pari (album) (sent 0), Mermaid (sent 3), Sarmad Abdul Ghafoor (sent 3)]
2026-02-20 13:25:52,855 - INFO - HTTP Request: POST http://localhost:11434/api/chat "HTTP/1.1 200 OK"
2026-02-20 13:26:01,998 - INFO - HTTP Request: POST http://localhost:11434/api/chat "HTTP/1.1 200 OK"
2026-02-20 13:26:01,999 - INFO - [MultiStage] Q174 | Stage1: [Indian Packing Company (sent 1), Luck's Incorporated (sent 2), Bush Brothers and Company (sent 4), Luck's Incorporated (sent 1)] | RefinedQuery: 'Austin cook off canned meat manufacturer 2007' | Stage2: [Indian Packing Company (sent 1), Bush Brothers and Company (sent 4), Luck's Incorporated (sent 1), Luck's Incorporated (sent 2)] | Final: [Indian Packing Company (sent 1), Luck's Incorporated (sent 2), Bush Brothers and Company (sent 4), Luck's Incorporated (sent 1)]
2026-02-20 13:26:05,381 - INFO - HTTP Request: POST http://localhost:11434/api/chat "HTTP/1.1 200 OK"
2026-02-20 13:26:16,000 - INFO - HTTP Request: POST http://localhost:11434/api/chat "HTTP/1.1 200 OK"
2026-02-20 13:26:16,001 - INFO - [MultiStage] Q175 | Stage1: [Multiculturalism in the Netherlands (sent 3), Multiculturalism in the Netherlands (sent 0), Steven van Weyenberg (sent 0), Steven van Weyenberg (sent 2)] | RefinedQuery: 'Dutch politician professor murdered 2002 form own party' | Stage2: [Steven van Weyenberg (sent 0), Multiculturalism in the Netherlands (sent 3), Steven van Weyenberg (sent 2), Arthur Docters van Leeuwen (sent 2)] | Final: [Multiculturalism in the Netherlands (sent 3), Multiculturalism in the Netherlands (sent 0), Steven van Weyenberg (sent 0), Steven van Weyenberg (sent 2)]
2026-02-20 13:26:18,890 - INFO - HTTP Request: POST http://localhost:11434/api/chat "HTTP/1.1 200 OK"
2026-02-20 13:26:29,214 - INFO - HTTP Request: POST http://localhost:11434/api/chat "HTTP/1.1 200 OK"
2026-02-20 13:26:29,216 - INFO - [MultiStage] Q176 | Stage1: [Ego the Living Planet (sent 2), Ego the Living Planet (sent 0), James Gunn (sent 3), James Gunn (sent 0)] | RefinedQuery: 'Ego the Living Planet James Gunn movie' | Stage2: [Ego the Living Planet (sent 2), James Gunn (sent 3), James Gunn (sent 0), Ego the Living Planet (sent 0)] | Final: [Ego the Living Planet (sent 2), Ego the Living Planet (sent 0), James Gunn (sent 3), James Gunn (sent 0)]
2026-02-20 13:26:32,629 - INFO - HTTP Request: POST http://localhost:11434/api/chat "HTTP/1.1 200 OK"
2026-02-20 13:26:43,877 - INFO - HTTP Request: POST http://localhost:11434/api/chat "HTTP/1.1 200 OK"
2026-02-20 13:26:43,877 - INFO - [MultiStage] Q177 | Stage1: [Cars 3 (sent 0), Ben Queen (sent 2), Cars 3 (2009 film) (sent 0), Cars 3 (sent 2)] | RefinedQuery: 'film not 3D computer-animation Cars 3 or Smith' | Stage2: [Cars 3 (sent 0), Ben Queen (sent 2), Lightning McQueen (sent 0), Cars 3: Driven to Win (sent 0)] | Final: [Cars 3 (sent 0), Ben Queen (sent 2), Cars 3 (2009 film) (sent 0), Cars 3 (sent 2)]
2026-02-20 13:26:46,867 - INFO - HTTP Request: POST http://localhost:11434/api/chat "HTTP/1.1 200 OK"
2026-02-20 13:26:58,633 - INFO - HTTP Request: POST http://localhost:11434/api/chat "HTTP/1.1 200 OK"
2026-02-20 13:26:58,635 - INFO - [MultiStage] Q178 | Stage1: [Chinese Taipei at the 2006 Winter Olympics (sent 0), Chinese Taipei at the 2010 Winter Olympics (sent 1), Chinese Taipei at the 2008 Summer Olympics (sent 1), Chinese Taipei at the 1984 Summer Olympics (sent 0)] | RefinedQuery: 'Chinese Taipei Olympics location confluence of two rivers' | Stage2: [Chinese Taipei at the 2006 Winter Olympics (sent 0), Chinese Taipei at the 1984 Summer Olympics (sent 0), Chinese Taipei at the 2010 Winter Olympics (sent 1), Chinese Taipei at the 2008 Summer Olympics (sent 1)] | Final: [Chinese Taipei at the 2006 Winter Olympics (sent 0), Chinese Taipei at the 2010 Winter Olympics (sent 1), Chinese Taipei at the 2008 Summer Olympics (sent 1), Chinese Taipei at the 1984 Summer Olympics (sent 0)]
2026-02-20 13:27:01,931 - INFO - HTTP Request: POST http://localhost:11434/api/chat "HTTP/1.1 200 OK"
2026-02-20 13:27:11,067 - INFO - HTTP Request: POST http://localhost:11434/api/chat "HTTP/1.1 200 OK"
2026-02-20 13:27:11,068 - INFO - [MultiStage] Q179 | Stage1: [Penny Bae Bridges (sent 0), Jimmy Bridges (actor) (sent 2), Kelly Hu (sent 2), Jimmy Bridges (actor) (sent 0)] | RefinedQuery: 'Penny Rae Bridges television sitcom co-star actor name' | Stage2: [Penny Bae Bridges (sent 0), Jimmy Bridges (actor) (sent 2), Kelly Hu (sent 2), Jimmy Bridges (actor) (sent 0)] | Final: [Penny Bae Bridges (sent 0), Jimmy Bridges (actor) (sent 2), Kelly Hu (sent 2), Jimmy Bridges (actor) (sent 0)]
2026-02-20 13:27:14,779 - INFO - HTTP Request: POST http://localhost:11434/api/chat "HTTP/1.1 200 OK"
2026-02-20 13:27:27,828 - INFO - HTTP Request: POST http://localhost:11434/api/chat "HTTP/1.1 200 OK"
2026-02-20 13:27:27,828 - INFO - [MultiStage] Q180 | Stage1: [Léopold Eyharts (sent 0), Ulrich Walter (sent 0), Ulrich Diesing (sent 0), Ulrich Diesing (sent 2)] | RefinedQuery: 'nationality of Ulrich Walter and Léopold Eyharts' | Stage2: [Léopold Eyharts (sent 0), Ulrich Walter (sent 0), Ulrich Diesing (sent 0), Basilica of SS. Ulrich and Afra, Augsburg (sent 1)] | Final: [Léopold Eyharts (sent 0), Ulrich Walter (sent 0), Ulrich Diesing (sent 0), Ulrich Diesing (sent 2)]
2026-02-20 13:27:32,654 - INFO - HTTP Request: POST http://localhost:11434/api/chat "HTTP/1.1 200 OK"
2026-02-20 13:27:42,264 - INFO - HTTP Request: POST http://localhost:11434/api/chat "HTTP/1.1 200 OK"
2026-02-20 13:27:42,266 - INFO - [MultiStage] Q181 | Stage1: [Christopher Guest (sent 0), Roman Karmen (sent 0), Oleg Makara (sent 2), Great Is My Country (sent 1)] | RefinedQuery: '(Christopher Guest OR Roman Karmen) AND (film director OR actor OR musician OR writer OR producer)' | Stage2: [Christopher Guest (sent 0), Roman Karmen (sent 0), Great Is My Country (sent 1), Oleg Makara (sent 2)] | Final: [Christopher Guest (sent 0), Roman Karmen (sent 0), Oleg Makara (sent 2), Great Is My Country (sent 1)]
2026-02-20 13:27:46,090 - INFO - HTTP Request: POST http://localhost:11434/api/chat "HTTP/1.1 200 OK"
2026-02-20 13:28:01,332 - INFO - HTTP Request: POST http://localhost:11434/api/chat "HTTP/1.1 200 OK"
2026-02-20 13:28:01,333 - INFO - [MultiStage] Q182 | Stage1: [Giovanna d'Arco (sent 0), Filippo Colini (sent 2), Eugenio Cavallini (sent 2), Rolando Panerai (sent 4)] | RefinedQuery: 'composer of Giovanna d'Arco opera nationality' | Stage2: [Giovanna d'Arco (sent 0), Filippo Colini (sent 2), Eugenio Cavallini (sent 2), Rolando Panerai (sent 4)] | Final: [Giovanna d'Arco (sent 0), Filippo Colini (sent 2), Eugenio Cavallini (sent 2), Rolando Panerai (sent 4)]
2026-02-20 13:28:05,239 - INFO - HTTP Request: POST http://localhost:11434/api/chat "HTTP/1.1 200 OK"
2026-02-20 13:28:12,929 - INFO - HTTP Request: POST http://localhost:11434/api/chat "HTTP/1.1 200 OK"
2026-02-20 13:28:12,930 - INFO - [MultiStage] Q183 | Stage1: [Kim Dong-won (director, born 1962) (sent 0), Kim Dong-won (filmmaker, born 1955) (sent 0), Kim Dong-won (director, born 1962) (sent 1), Kim Dong-won (filmmaker, born 1955) (sent 1)] | RefinedQuery: 'Kim Dong-won directorial debut film sequel to 2001 film' | Stage2: [Kim Dong-won (director, born 1962) (sent 0), Kim Dong-won (filmmaker, born 1955) (sent 0), Kim Dong-won (director, born 1962) (sent 1), City of Damnation (sent 0)] | Final: [Kim Dong-won (director, born 1962) (sent 0), Kim Dong-won (filmmaker, born 1955) (sent 0), Kim Dong-won (director, born 1962) (sent 1), Kim Dong-won (filmmaker, born 1955) (sent 1)]
2026-02-20 13:28:15,757 - INFO - HTTP Request: POST http://localhost:11434/api/chat "HTTP/1.1 200 OK"
2026-02-20 13:28:25,112 - INFO - HTTP Request: POST http://localhost:11434/api/chat "HTTP/1.1 200 OK"
2026-02-20 13:28:25,112 - INFO - [MultiStage] Q184 | Stage1: [Millennium Green (sent 0), Millennium Green (sent 2), Millennium Forest for Scotland (sent 0), Doorstep Greens (sent 2)] | RefinedQuery: 'Millennium Greens funding source lottery type' | Stage2: [Doorstep Greens (sent 2), Millennium Green (sent 2), Millennium Green (sent 0), Millennium Forest for Scotland (sent 0)] | Final: [Millennium Green (sent 0), Millennium Green (sent 2), Millennium Forest for Scotland (sent 0), Doorstep Greens (sent 2)]
2026-02-20 13:28:29,609 - INFO - HTTP Request: POST http://localhost:11434/api/chat "HTTP/1.1 200 OK"
2026-02-20 13:28:39,402 - INFO - HTTP Request: POST http://localhost:11434/api/chat "HTTP/1.1 200 OK"
2026-02-20 13:28:39,404 - INFO - [MultiStage] Q185 | Stage1: [London International Documentary Festival (sent 0), Docville (sent 0), London International Documentary Festival (sent 1), Doc NYC (sent 0)] | RefinedQuery: 'site:british film festival documentary January February March April May June July August September October November December' | Stage2: [London International Documentary Festival (sent 0), Chagrin Documentary Film Festival (sent 0), Chagrin Documentary Film Festival (sent 1), Docville (sent 0)] | Final: [London International Documentary Festival (sent 0), Docville (sent 0), Chagrin Documentary Film Festival (sent 0), Chagrin Documentary Film Festival (sent 1)]
2026-02-20 13:28:42,223 - INFO - HTTP Request: POST http://localhost:11434/api/chat "HTTP/1.1 200 OK"
2026-02-20 13:28:52,450 - INFO - HTTP Request: POST http://localhost:11434/api/chat "HTTP/1.1 200 OK"
2026-02-20 13:28:52,451 - INFO - [MultiStage] Q186 | Stage1: [Palm Springs, Florida (sent 0), Palm Beach County, Florida (sent 0), Palm Beach County, Florida (sent 5), Palm Beach County, Florida (sent 2)] | RefinedQuery: 'Palm Springs Florida nearest major city' | Stage2: [Palm Springs, Florida (sent 0), Palm Beach County, Florida (sent 0), Palm Beach County, Florida (sent 5), West Palm Beach, Florida (sent 5)] | Final: [Palm Springs, Florida (sent 0), Palm Beach County, Florida (sent 0), Palm Beach County, Florida (sent 5), Palm Beach County, Florida (sent 2)]
2026-02-20 13:28:55,494 - INFO - HTTP Request: POST http://localhost:11434/api/chat "HTTP/1.1 200 OK"
2026-02-20 13:29:08,017 - INFO - HTTP Request: POST http://localhost:11434/api/chat "HTTP/1.1 200 OK"
2026-02-20 13:29:08,018 - INFO - [MultiStage] Q187 | Stage1: [Ashley Tisdale (sent 8), Candace Flynn (sent 0), Sara Poulsen (sent 2), Phineas and Ferb (season 2) (sent 3)] | RefinedQuery: 'Candace Flynn voice actress mainstream success show' | Stage2: [Ashley Tisdale (sent 8), Candace Flynn (sent 0), Sara Poulsen (sent 2), Sara Poulsen (sent 1)] | Final: [Ashley Tisdale (sent 8), Candace Flynn (sent 0), Sara Poulsen (sent 2), Sara Poulsen (sent 1)]
2026-02-20 13:29:12,556 - INFO - HTTP Request: POST http://localhost:11434/api/chat "HTTP/1.1 200 OK"
2026-02-20 13:29:23,050 - INFO - HTTP Request: POST http://localhost:11434/api/chat "HTTP/1.1 200 OK"
2026-02-20 13:29:23,051 - INFO - [MultiStage] Q188 | Stage1: [Value premium (sent 2), Value premium (sent 0), Value premium (sent 1), Tesco Venture Brands (sent 3)] | RefinedQuery: 'site:.edu (no value premium) or (Tesco Venture Brands and Value premium)' | Stage2: [Tesco Venture Brands (sent 1), Tesco Venture Brands (sent 3), Tesco Venture Brands (sent 0), Tesco Venture Brands (sent 2)] | Final: [Value premium (sent 2), Tesco Venture Brands (sent 1), Value premium (sent 0), Value premium (sent 1)]
2026-02-20 13:29:26,754 - INFO - HTTP Request: POST http://localhost:11434/api/chat "HTTP/1.1 200 OK"
2026-02-20 13:29:37,524 - INFO - HTTP Request: POST http://localhost:11434/api/chat "HTTP/1.1 200 OK"
2026-02-20 13:29:37,524 - INFO - [MultiStage] Q189 | Stage1: [City University, Malaysia (sent 4), City University, Malaysia (sent 3), Paolo Leon (sent 1), Paolo Leon (sent 2)] | RefinedQuery: 'site:cityuniversity.edu.my A. Selvanathan' | Stage2: [City University, Malaysia (sent 6), City University, Malaysia (sent 4), City University, Malaysia (sent 0), City University, Malaysia (sent 3)] | Final: [City University, Malaysia (sent 4), City University, Malaysia (sent 3), Paolo Leon (sent 1), City University, Malaysia (sent 6)]
2026-02-20 13:29:40,431 - INFO - HTTP Request: POST http://localhost:11434/api/chat "HTTP/1.1 200 OK"
2026-02-20 13:29:47,058 - INFO - HTTP Request: POST http://localhost:11434/api/chat "HTTP/1.1 200 OK"
2026-02-20 13:29:47,059 - INFO - [MultiStage] Q190 | Stage1: [Fighting Cock (bourbon) (sent 0), Fighting cock (disambiguation) (sent 0), Casey County, Kentucky (sent 4), Casey County, Kentucky (sent 6)] | RefinedQuery: 'Kentucky county Fighting Cock bourbon produced in' | Stage2: [Fighting Cock (bourbon) (sent 0), Casey County, Kentucky (sent 0), Casey County, Kentucky (sent 4), Kentucky County, Virginia (sent 0)] | Final: [Fighting Cock (bourbon) (sent 0), Fighting cock (disambiguation) (sent 0), Casey County, Kentucky (sent 4), Casey County, Kentucky (sent 6)]
2026-02-20 13:29:51,196 - INFO - HTTP Request: POST http://localhost:11434/api/chat "HTTP/1.1 200 OK"
2026-02-20 13:30:03,566 - INFO - HTTP Request: POST http://localhost:11434/api/chat "HTTP/1.1 200 OK"
2026-02-20 13:30:03,566 - INFO - [MultiStage] Q191 | Stage1: [Dorothea of Denmark, Duchess of Prussia (sent 0), Dorothea of Denmark, Duchess of Prussia (sent 2), Dorothea of Denmark, Duchess of Prussia (sent 1), Albert, Duke of Prussia (sent 0)] | RefinedQuery: 'official religion of Albert, Duke of Prussia' | Stage2: [Dorothea of Denmark, Duchess of Prussia (sent 2), Albert, Duke of Prussia (sent 0), Albert, Duke of Prussia (sent 1), List of monarchs of Prussia (sent 2)] | Final: [Dorothea of Denmark, Duchess of Prussia (sent 0), Dorothea of Denmark, Duchess of Prussia (sent 2), Albert, Duke of Prussia (sent 1), List of monarchs of Prussia (sent 2)]
2026-02-20 13:30:06,809 - INFO - HTTP Request: POST http://localhost:11434/api/chat "HTTP/1.1 200 OK"
2026-02-20 13:30:19,001 - INFO - HTTP Request: POST http://localhost:11434/api/chat "HTTP/1.1 200 OK"
2026-02-20 13:30:19,001 - INFO - [MultiStage] Q192 | Stage1: [Frank Blake (sent 0), Ron Brill (sent 3), Frank Blake (American football) (sent 0), Annette Verschuren (sent 2)] | RefinedQuery: 'Ron Brill CEO of company other than The Home Depot' | Stage2: [Ron Brill (sent 0), Ron Brill (sent 2), Frank Blake (sent 0), Ron Brill (sent 3)] | Final: [Frank Blake (sent 0), Ron Brill (sent 0), Ron Brill (sent 2), Ron Brill (sent 3)]
2026-02-20 13:30:22,551 - INFO - HTTP Request: POST http://localhost:11434/api/chat "HTTP/1.1 200 OK"
2026-02-20 13:30:33,283 - INFO - HTTP Request: POST http://localhost:11434/api/chat "HTTP/1.1 200 OK"
2026-02-20 13:30:33,283 - INFO - [MultiStage] Q193 | Stage1: [On the Basis of Sex (sent 1), Armie Hammer (sent 0), The Man from U.N.C.L.E. (film) (sent 2), Call Me by Your Name (film) (sent 2)] | RefinedQuery: 'Armie Hammer stars as Oliver in a film directed by whom' | Stage2: [On the Basis of Sex (sent 1), Armie Hammer (sent 0), The Man from U.N.C.L.E. (film) (sent 2), Call Me by Your Name (film) (sent 2)] | Final: [On the Basis of Sex (sent 1), Armie Hammer (sent 0), The Man from U.N.C.L.E. (film) (sent 2), Call Me by Your Name (film) (sent 2)]
2026-02-20 13:30:37,826 - INFO - HTTP Request: POST http://localhost:11434/api/chat "HTTP/1.1 200 OK"
2026-02-20 13:30:54,858 - INFO - HTTP Request: POST http://localhost:11434/api/chat "HTTP/1.1 200 OK"
2026-02-20 13:30:54,858 - INFO - [MultiStage] Q194 | Stage1: [Paul Bittner (sent 3), Mackenzie Blackwood (sent 3), Brock Boeser (sent 1), Ryan Johansen (sent 5)] | RefinedQuery: '2015 NHL Entry Draft 23rd overall pick USA national junior team bronze medal winner' | Stage2: [Paul Bittner (sent 3), Mackenzie Blackwood (sent 3), Ryan Johansen (sent 5), Mackenzie Blackwood (sent 2)] | Final: [Paul Bittner (sent 3), Mackenzie Blackwood (sent 3), Brock Boeser (sent 1), Ryan Johansen (sent 5)]
2026-02-20 13:30:59,238 - INFO - HTTP Request: POST http://localhost:11434/api/chat "HTTP/1.1 200 OK"
2026-02-20 13:31:10,001 - INFO - HTTP Request: POST http://localhost:11434/api/chat "HTTP/1.1 200 OK"
2026-02-20 13:31:10,001 - INFO - [MultiStage] Q195 | Stage1: [Mariana Kovacevic (sent 0), Mariana Kovacevic (sent 1), Elizabeth M. Ramsey (sent 3), Mariana Kovacevic (sent 5)] | RefinedQuery: 'site:wikiquote.org title:Mariana Kovacevic horse placenta treatment captain' | Stage2: [Mariana Kovacevic (sent 0), Elizabeth M. Ramsey (sent 3), Mariana Kovacevic (sent 1), Mariana Kovacevic (sent 5)] | Final: [Mariana Kovacevic (sent 0), Mariana Kovacevic (sent 1), Elizabeth M. Ramsey (sent 3), Mariana Kovacevic (sent 5)]
2026-02-20 13:31:14,665 - INFO - HTTP Request: POST http://localhost:11434/api/chat "HTTP/1.1 200 OK"
2026-02-20 13:31:26,319 - INFO - HTTP Request: POST http://localhost:11434/api/chat "HTTP/1.1 200 OK"
2026-02-20 13:31:26,320 - INFO - [MultiStage] Q196 | Stage1: [Truman State University (sent 3), Lamar, Missouri (sent 2), Harry S Truman Birthplace State Historic Site (sent 0), Appointment in Tokyo (sent 1)] | RefinedQuery: 'instruments of war used by US Presidents born in Lamar, Missouri' | Stage2: [Lamar, Missouri (sent 2), Harry S Truman Birthplace State Historic Site (sent 0), Truman State University (sent 3), Appointment in Tokyo (sent 1)] | Final: [Truman State University (sent 3), Lamar, Missouri (sent 2), Harry S Truman Birthplace State Historic Site (sent 0), Appointment in Tokyo (sent 1)]
2026-02-20 13:31:29,836 - INFO - HTTP Request: POST http://localhost:11434/api/chat "HTTP/1.1 200 OK"
2026-02-20 13:31:40,653 - INFO - HTTP Request: POST http://localhost:11434/api/chat "HTTP/1.1 200 OK"
2026-02-20 13:31:40,654 - INFO - [MultiStage] Q197 | Stage1: [WEC 20 (sent 1), Brian Olsen (sent 1), WWC Universal Heavyweight Championship (sent 1), Brian Olsen (sent 0)] | RefinedQuery: 'WEC heavyweight champion before UFC purchased WEC in what month' | Stage2: [Brandon Vera (sent 1), Brian Olsen (sent 1), James Irvin (fighter) (sent 1), WEC 20 (sent 1)] | Final: [WEC 20 (sent 1), Brandon Vera (sent 1), Brian Olsen (sent 1), James Irvin (fighter) (sent 1)]
2026-02-20 13:31:44,661 - INFO - HTTP Request: POST http://localhost:11434/api/chat "HTTP/1.1 200 OK"
2026-02-20 13:31:55,501 - INFO - HTTP Request: POST http://localhost:11434/api/chat "HTTP/1.1 200 OK"
2026-02-20 13:31:55,501 - INFO - [MultiStage] Q198 | Stage1: [Mr. &amp; Mrs. Mxyzptlk (sent 0), Seven Color Mask (sent 2), Supergirl (TV series) (sent 0), Mirrorman (sent 0)] | RefinedQuery: 'network that originally aired Mr. & Mrs. Mxyzptlk TV episode' | Stage2: [Mr. &amp; Mrs. Mxyzptlk (sent 0), Jushin Liger (anime) (sent 2), Automan (sent 1), Seven Color Mask (sent 3)] | Final: [Mr. &amp; Mrs. Mxyzptlk (sent 0), Seven Color Mask (sent 2), Supergirl (TV series) (sent 0), Mirrorman (sent 0)]
2026-02-20 13:31:58,553 - INFO - HTTP Request: POST http://localhost:11434/api/chat "HTTP/1.1 200 OK"
2026-02-20 13:32:01,927 - INFO - HTTP Request: POST http://localhost:11434/api/chat "HTTP/1.1 200 OK"
2026-02-20 13:32:01,928 - INFO - [MultiStage] Q199 | Stage1: [Miss Emily's Picture (sent 0), Emily Parker Groom (sent 1), Emily Grierson (sent 1), Emily Vanhoutte (sent 0)] | RefinedQuery: 'singer of Miss Emily's Picture birthdate' | Stage2: [Miss Emily's Picture (sent 0), Emily Grierson (sent 1), Emily Vanhoutte (sent 0), Emily Parker Groom (sent 1)] | Final: [Miss Emily's Picture (sent 0), Emily Parker Groom (sent 1), Emily Grierson (sent 1), Emily Vanhoutte (sent 0)]
2026-02-20 13:32:04,544 - INFO - HTTP Request: POST http://localhost:11434/api/chat "HTTP/1.1 200 OK"
2026-02-20 13:32:17,369 - INFO - HTTP Request: POST http://localhost:11434/api/chat "HTTP/1.1 200 OK"
2026-02-20 13:32:17,369 - INFO - [MultiStage] Q200 | Stage1: [Kete Krachi (sent 1), Krachi West District (sent 1), Kete Krachi (sent 0), Kete Krachi (sent 4)] | RefinedQuery: 'Kete Krachi location or Ghana region' | Stage2: [Kete Krachi (sent 0), Kete Krachi (sent 6), Krachi West District (sent 1), Kete Krachi (sent 1)] | Final: [Kete Krachi (sent 1), Krachi West District (sent 1), Kete Krachi (sent 0), Kete Krachi (sent 4)]
2026-02-20 13:32:17,372 - INFO - Evaluating...
2026-02-20 13:32:17,396 - INFO - Experiment end time: 2026-02-20 13:32:17
2026-02-20 13:32:17,396 - INFO - Total experiment duration: 0:49:47.596935
2026-02-20 13:32:17,397 - INFO - Total seconds: 2987.60
2026-02-20 13:32:17,397 - INFO - Average time per sample: 14.94 seconds
2026-02-20 13:32:17,397 - INFO - Samples per minute: 4.02
2026-02-20 13:32:17,520 - INFO - Results saved to results\multi_stage_20260220_124229_results.json
